Cycle,WallSeconds,IntervalSeconds,InBytes,OutBytes,InPackets,OutPackets,OutReliableBunches,InBytesPerSecond,OutBytesPerSecond
1,15.185870,1.002384,1732,4020,37,60,0,1727.881,4010.440
1,16.202184,1.016314,1793,4103,39,61,0,1764.218,4037.137
1,17.203193,1.001009,1747,4020,38,60,0,1745.239,4015.948
1,18.203467,1.000274,1755,4036,38,60,0,1754.520,4034.896
1,19.220136,1.016670,1834,4087,40,61,0,1803.929,4019.988
1,20.220344,1.000207,1841,4036,40,60,0,1840.619,4035.164
1,21.220435,1.000091,1787,4020,39,60,0,1786.837,4019.633
1,22.237050,1.016615,1786,4103,39,61,0,1756.810,4035.942
1,23.237325,1.000275,1759,4020,38,60,0,1758.516,4018.894
1,24.237801,1.000476,1809,4036,39,60,0,1808.139,4034.079
1,25.237926,1.000125,1799,4020,39,60,0,1798.775,4019.498
1,26.254418,1.016491,1826,4103,40,61,0,1796.375,4036.434
1,27.255190,1.000772,1745,4020,38,60,0,1743.653,4016.898
1,28.271359,1.016169,1813,4103,39,61,0,1784.151,4037.712
1,29.287895,1.016535,1846,4087,40,61,0,1815.973,4020.520
1,30.287977,1.000082,1786,4036,39,60,0,1785.853,4035.667
1,31.288022,1.000044,1799,4020,39,60,0,1798.920,4019.821
1,32.288087,1.000065,1781,4036,39,60,0,1780.883,4035.736
1,33.304664,1.016577,1796,4087,39,61,0,1766.714,4020.356
1,34.305398,1.000734,1740,4036,38,60,0,1738.724,4033.040
1,35.321794,1.016397,1861,4087,40,61,0,1830.978,4021.069
1,36.321990,1.000196,1844,4036,40,60,0,1843.639,4035.209
1,37.338684,1.016694,1795,4087,39,61,0,1765.526,4019.891
1,38.355659,1.016975,1622,4103,35,61,0,1594.926,4034.513
1,39.355771,1.000112,1746,4020,38,60,0,1745.805,4019.552
1,40.372113,1.016342,1895,4103,41,61,0,1864.529,4037.026
1,41.372147,1.000033,1847,4020,40,60,0,1846.938,4019.865
1,42.374184,1.002037,1761,3567,38,53,0,1757.420,3559.749
1,43.396780,1.022596,1747,2747,38,41,0,1708.397,2686.300
