Cycle,Round,WallSeconds,FrameMS,GameBusyMS,RenderBusyMS,RHIBusyMS
1,1,16.409752,25.232300,8.855500,28.105900,2.952000
1,1,16.435657,25.905997,2.967000,24.883600,2.789800
1,1,16.463457,27.799301,4.669900,26.980200,2.438700
1,1,16.485777,22.320002,5.615500,23.913200,2.526300
1,1,16.516586,30.809298,3.742300,30.505800,2.816200
1,1,16.539317,22.730999,3.631200,21.436199,3.418700
1,1,16.569037,29.720303,4.991000,30.453100,2.641800
1,1,16.596439,27.402099,4.086400,27.432899,2.440800
1,1,16.623026,26.586499,4.359800,26.732700,2.607800
1,1,16.650727,27.701501,4.002100,26.887100,2.512300
1,1,16.676498,25.770798,6.401700,26.971500,2.560400
1,1,16.701435,24.936803,3.217800,25.191900,2.306200
1,1,16.728985,27.549498,3.167100,27.015699,2.105600
1,1,16.752071,23.086403,3.565600,23.686501,2.787000
1,1,16.781773,29.701598,2.926700,29.620100,2.333100
1,1,16.806339,24.566602,3.018000,23.775400,2.495700
1,1,16.832282,25.943298,3.829400,26.681400,3.113900
1,1,16.857768,25.485899,3.046300,25.311899,2.043100
1,1,16.883417,25.648601,3.298400,25.552500,2.322300
1,1,16.909796,26.378501,3.276800,27.021099,2.318300
1,1,16.933533,23.737799,2.286400,23.147699,2.407000
1,1,16.960802,27.269099,3.540500,27.261999,2.043500
1,1,16.983325,22.522502,2.855100,22.928801,2.611500
1,1,17.012884,29.559501,2.718500,29.126600,1.928700
1,1,17.039824,26.939299,3.004800,27.362900,2.564400
1,1,17.063258,23.433801,2.699500,22.984100,2.184000
1,1,17.091486,28.228298,3.019600,28.500401,2.407500
1,1,17.115046,23.560002,2.968500,23.726299,2.434900
1,1,17.142614,27.568199,3.011300,27.270201,2.046400
1,1,17.166074,23.459900,2.711200,23.728600,2.325100
1,1,17.194461,28.386798,2.869900,28.274599,2.242000
1,1,17.217240,22.779200,2.611600,23.000099,1.919300
1,1,17.246490,29.250402,2.622400,28.598301,1.840600
1,1,17.273104,26.613399,3.405600,26.835400,1.920400
1,1,17.296079,22.975702,2.848800,22.751499,2.016100
1,1,17.317826,21.746598,2.970900,22.399099,1.870800
1,1,17.345736,27.910501,2.440900,27.465599,1.899400
1,1,17.373246,27.509898,2.802000,27.441000,2.135100
1,1,17.395530,22.284001,2.796200,22.512100,1.993900
1,1,17.423028,27.497102,2.684100,27.438999,2.364800
1,1,17.445574,22.546899,2.606900,22.505100,2.212800
1,1,17.473013,27.438499,2.720700,27.483200,1.882800
1,1,17.495571,22.557702,2.584300,22.506201,1.662000
1,1,17.522330,26.759099,2.725300,27.014900,2.548700
1,1,17.545627,23.296900,2.568600,22.922001,1.808700
1,1,17.572790,27.163599,2.983500,27.333500,2.522700
1,1,17.596963,24.172600,2.628200,23.811800,1.933700
1,1,17.624714,27.751699,2.855800,28.167000,1.927000
1,1,17.646640,21.925602,2.420600,21.592100,2.261000
1,1,17.671299,24.658501,2.916400,25.248899,2.077900
1,1,17.696618,25.318999,2.194600,24.717300,2.016400
1,1,17.720532,23.914699,2.687500,24.344101,2.246300
1,1,17.747676,27.143899,2.347100,26.932899,1.956000
1,1,17.778280,30.604001,2.526500,30.389099,1.783600
1,1,17.806553,28.273001,2.759200,28.662201,2.199700
1,1,17.831480,24.926301,2.669700,24.486799,1.779500
1,1,17.858258,26.778299,2.861800,26.700800,1.756100
1,1,17.880979,22.721600,2.988200,22.785101,1.621900
1,1,17.908501,27.521700,2.706000,27.444300,1.697300
1,1,17.932098,23.596499,2.725300,24.163000,2.283100
1,1,17.959275,27.177401,2.362300,27.194000,1.743400
1,1,17.983834,24.559401,2.830000,24.508301,1.815100
1,1,18.011047,27.213097,2.134400,27.078199,1.705600
1,1,18.039171,28.123401,2.297500,27.848101,1.647200
1,1,18.061346,22.175599,2.935400,22.402700,1.382100
1,1,18.091086,29.739700,2.449900,29.263800,1.603700
1,1,18.114314,23.227502,2.989300,23.369400,2.378300
1,1,18.140440,26.125900,2.679500,26.624001,1.783900
1,1,18.164469,24.029501,2.111700,23.727100,1.452900
1,1,18.191165,26.696298,2.433500,26.608601,1.483300
1,1,18.216024,24.858400,2.676900,23.996099,1.850200
1,1,18.242582,26.558001,3.335900,27.351700,1.532700
1,1,18.264823,22.241201,2.689900,22.549500,1.828200
1,1,18.292042,27.218699,2.391800,27.196100,1.784400
1,1,18.314965,22.923198,2.233000,22.707199,1.603900
1,1,18.342279,27.314100,2.610900,27.386101,1.710800
1,1,18.367411,25.131799,2.489000,25.032200,1.289700
1,1,18.396323,28.912600,2.532400,28.814600,1.451100
1,1,18.418305,21.981802,2.568900,22.356400,1.890900
1,1,18.447362,29.056601,2.187900,28.619301,1.704400
1,1,18.474310,26.947699,2.677000,26.940901,1.849700
1,1,18.497632,23.322500,2.595100,23.415800,1.682200
1,1,18.525399,27.766500,2.517300,27.677200,2.167500
1,1,18.549366,23.967698,2.804700,24.186899,1.910400
1,1,18.579370,30.004002,2.608500,29.793800,2.477200
1,1,18.602396,23.026098,2.732400,23.280600,1.780500
1,1,18.632490,30.093301,2.578700,29.343100,1.857000
1,1,18.659482,26.992600,3.306400,27.759701,2.089800
1,1,18.687554,28.071601,2.319700,27.857700,2.052200
1,1,18.714212,26.657797,2.679600,26.657700,2.058700
1,1,18.743151,28.939802,2.813100,29.055401,1.935900
1,1,18.767342,24.190199,2.585100,24.186199,2.022500
1,1,18.797390,30.048300,2.372900,29.643999,1.633900
1,1,18.824327,26.936602,2.766600,27.355400,1.717300
1,1,18.847176,22.849500,2.407700,22.349199,1.750400
1,1,18.870611,23.435198,2.975900,24.003700,1.961100
1,1,18.898295,27.683701,2.414200,27.352699,1.728900
1,1,18.924658,26.363101,2.532400,26.482201,1.756400
1,1,18.949743,25.085099,2.537000,24.458401,1.697600
1,1,18.977565,27.822301,3.115200,27.767300,1.885800
1,1,19.001412,23.846399,3.309100,24.441099,1.768200
1,1,19.029894,28.481800,3.147800,28.787201,1.685300
1,1,19.056368,26.474498,2.065700,26.279600,1.960900
1,1,19.083630,27.261600,2.530900,26.800501,2.144600
1,1,19.113026,29.396001,2.983100,29.503799,2.393600
1,1,19.135902,22.876199,2.965900,23.297800,2.047100
1,1,19.166810,30.907802,2.453100,30.617701,1.579000
1,1,19.195108,28.298497,2.540600,28.539400,1.538300
1,1,19.223089,27.980801,2.255700,27.866699,1.870900
1,1,19.248569,25.479700,2.320600,25.387300,2.078200
1,1,19.279726,31.157300,2.658000,30.370501,2.045000
1,1,19.304744,25.017999,3.573200,25.407700,1.962200
1,1,19.332103,27.358800,3.181900,27.614401,1.884300
1,1,19.359051,26.948303,2.657900,27.286100,1.733700
1,1,19.382602,23.551099,2.197100,23.197399,1.379900
1,1,19.413305,30.703299,3.004700,30.926100,1.616400
1,1,19.440012,26.706100,2.336000,26.673901,2.057300
1,1,19.464467,24.455402,2.463200,24.395100,1.708500
1,1,19.493396,28.928600,2.379500,28.511900,1.755000
1,1,19.517646,24.249997,2.906300,24.493700,1.990900
1,1,19.548145,30.499600,2.851200,30.596500,1.512000
1,1,19.576554,28.408602,2.373700,28.607500,1.549400
1,1,19.599473,22.919498,2.320400,22.788300,1.669500
1,1,19.628594,29.120401,2.370500,28.840099,1.707200
1,1,19.651159,22.565100,2.704000,22.972799,1.575500
1,1,19.679911,28.752301,2.196300,28.688400,1.635200
1,1,19.707782,27.870599,2.643100,27.499701,2.030700
1,1,19.732150,24.368301,2.780800,24.798800,1.776800
1,1,19.759027,26.876599,2.218400,26.769899,1.926700
1,1,19.781698,22.671603,2.248700,22.160101,1.622500
1,1,19.808508,26.809897,2.745600,27.423800,2.241100
1,1,19.831593,23.085199,2.247400,23.060400,1.847500
1,1,19.858933,27.340103,2.138200,27.240999,1.505200
1,1,19.881157,22.223499,2.289100,22.218201,1.607800
1,1,19.909241,28.083801,2.291900,27.782700,1.787600
1,1,19.931307,22.066697,2.558700,22.333300,1.542900
1,1,19.958274,26.966203,2.246500,27.061501,1.754300
1,1,19.982124,23.850799,2.211200,23.841700,1.847100
1,1,20.009177,27.052701,2.222600,26.624901,1.435100
1,1,20.031571,22.393599,2.492500,22.285200,1.311600
1,1,20.058536,26.965301,2.586900,27.423100,1.522900
1,1,20.081715,23.179498,2.170800,22.716000,1.550800
1,1,20.108306,26.590202,2.735400,26.709900,1.655900
1,1,20.131142,22.836398,2.559400,23.016399,1.619500
1,1,20.154711,23.569301,2.454400,23.358200,2.050400
1,1,20.180746,26.034798,2.566200,26.064501,1.718000
1,1,20.202732,21.985501,2.448300,22.381300,1.445900
1,1,20.230752,28.020099,2.117500,27.793800,1.418300
1,1,20.254482,23.730401,2.265300,23.400600,1.766600
1,1,20.280830,26.348200,2.584400,26.405899,1.867300
1,1,20.306807,25.976703,2.467000,26.326500,1.807200
1,1,20.330985,24.177697,2.313500,23.571600,2.817800
1,1,20.356971,25.986202,2.921700,26.593500,1.691100
1,1,20.381897,24.925798,2.135900,24.626400,1.712200
1,1,20.407976,26.079401,2.410100,26.326099,1.906700
1,1,20.431457,23.481201,2.275500,22.849300,1.999900
1,1,20.454586,23.128398,2.746900,23.712099,1.730900
1,1,20.480861,26.275601,2.272800,26.051901,1.922300
1,1,20.508177,27.315900,2.463800,27.328899,2.418600
1,1,20.531445,23.268200,2.573300,23.549299,1.883800
1,1,20.557829,26.383098,2.171500,26.230200,1.804300
1,1,20.582529,24.700399,2.418300,24.365000,1.582200
1,1,20.609534,27.004700,2.586400,27.429300,1.543700
1,1,20.632662,23.127902,2.145700,22.741301,2.030600
1,1,20.660677,28.015599,2.818800,28.190201,1.790000
1,1,20.690242,29.564600,2.314100,29.837799,1.653200
1,1,20.712830,22.587702,2.157300,22.456100,1.808800
1,1,20.740335,27.505599,2.183100,27.611099,2.242500
1,1,20.764089,23.754198,2.343700,23.372900,1.698600
1,1,20.791717,27.627502,2.566400,27.655899,2.568100
1,1,20.815009,23.292199,2.636500,22.761499,1.699700
1,1,20.839832,24.823200,3.181400,25.663300,2.149600
1,1,20.864541,24.708502,2.172000,24.235500,1.639900
1,1,20.891897,27.355898,2.655600,27.437300,1.854300
1,1,20.915467,23.570701,3.440300,23.471800,1.685100
1,1,20.942374,26.907198,2.578300,26.609100,2.038700
1,1,20.965132,22.757102,2.739200,23.207701,2.439400
1,1,20.992222,27.090199,2.638100,26.966000,1.702400
1,1,21.014452,22.229899,2.400600,22.248301,1.869800
1,1,21.042065,27.613103,2.317800,27.332701,1.821600
1,1,21.065397,23.332298,2.628100,23.491699,1.790700
1,1,21.089670,24.273101,2.393000,24.431900,1.711800
1,1,21.114346,24.675999,2.068600,24.201900,1.540400
1,1,21.141450,27.104102,2.825000,27.520300,2.032600
1,1,21.164756,23.306098,2.349100,23.114300,2.144300
1,1,21.191884,27.127501,2.470900,27.311199,1.972200
1,1,21.215277,23.393400,2.312800,23.229401,1.581600
1,1,21.242058,26.780799,2.526200,26.628000,2.292500
1,1,21.264512,22.453800,2.630600,22.316299,1.609200
1,1,21.290066,25.553901,2.607400,25.607201,1.741000
1,1,21.313318,23.252402,2.585500,23.358299,1.357800
1,1,21.342047,28.728399,2.570300,28.850500,2.028800
1,1,21.365488,23.441698,2.602800,22.933901,1.766400
1,1,21.388519,23.030702,2.813600,23.252800,2.181600
1,1,21.414700,26.181199,2.554700,25.984200,1.694200
1,1,21.440508,25.807898,2.791400,25.989901,1.832300
1,1,21.464921,24.412900,2.734100,24.502701,1.648800
1,1,21.492637,27.716100,2.573500,27.587799,1.853100
1,1,21.516238,23.601200,2.712400,23.976200,1.656200
1,1,21.545104,28.865401,2.187100,28.609699,1.559700
1,1,21.569606,24.502400,2.405900,24.528099,1.863300
1,1,21.597747,28.141100,2.463700,27.944201,1.566600
1,1,21.621260,23.513298,2.637000,23.466801,1.627500
1,1,21.645791,24.530701,3.160000,24.775700,1.994800
1,1,21.670770,24.978999,2.363200,24.762100,1.955100
1,1,21.695873,25.102500,2.939100,25.354300,2.011600
1,1,21.724781,28.908603,2.304300,28.959299,1.822400
1,1,21.748032,23.250800,2.477100,22.777399,1.844800
1,1,21.771217,23.184899,2.854000,23.493601,1.944300
1,1,21.798122,26.904900,2.747900,26.853001,1.646500
1,1,21.825360,27.238399,2.804500,27.422100,1.635400
1,1,21.848570,23.210101,2.324800,22.897699,1.662600
1,1,21.875519,26.948199,2.583300,26.852400,1.644600
1,1,21.898062,22.543103,2.549400,22.801399,1.487000
1,1,21.924314,26.252799,2.414800,25.982901,2.017800
1,1,21.947304,22.989400,2.912300,22.875500,1.758000
1,1,21.975676,28.372202,2.664000,28.502501,1.922400
1,1,21.998931,23.255300,2.727200,22.665701,1.889600
1,1,22.023527,24.595797,3.162100,25.279400,1.616900
1,1,22.046258,22.730600,2.421500,22.944300,1.747600
1,1,22.074954,28.696202,2.683700,28.703600,1.827900
1,1,22.097861,22.906799,2.176000,22.495199,1.712700
1,1,22.124551,26.689902,2.657800,27.013500,1.845900
1,1,22.146764,22.213198,2.327600,22.237600,1.829700
1,1,22.175357,28.593302,2.391300,28.712000,1.761100
1,1,22.197222,21.865200,2.211400,21.238400,1.885400
1,1,22.224441,27.218997,2.716900,27.707800,1.650400
1,1,22.247199,22.757400,2.205200,22.369699,1.747100
1,1,22.270448,23.249499,2.702800,23.738600,1.791700
1,1,22.297262,26.813302,2.268500,26.341101,2.043300
1,1,22.320325,23.063399,2.783200,23.479000,1.654700
1,1,22.347052,26.727200,2.588100,26.611300,1.667000
1,1,22.374921,27.869001,2.356200,27.909800,1.819700
1,1,22.397864,22.942800,2.864000,22.856701,1.596700
1,1,22.422515,24.650801,2.650200,24.713400,1.601600
1,1,22.446756,24.241298,2.476200,24.308001,1.626200
1,1,22.470268,23.511801,2.131300,23.487499,1.602300
1,1,22.496802,26.534300,2.287100,26.442600,1.613100
1,1,22.525862,29.059999,2.362400,28.745701,1.863100
1,1,22.549791,23.928601,2.649900,23.963200,1.736700
1,1,22.578273,28.482698,2.526200,28.519699,1.636000
1,1,22.606230,27.956702,2.370700,28.066500,1.835400
1,1,22.628853,22.622898,2.229100,22.384001,1.579800
1,1,22.653751,24.898101,2.589000,24.956100,1.627100
1,1,22.680774,27.023099,2.446800,27.000500,1.831200
1,1,22.709598,28.824102,2.494000,29.264900,1.924800
1,1,22.732525,22.926398,2.273200,22.212099,1.844200
1,1,22.761543,29.017903,2.889000,29.518200,1.640300
1,1,22.791233,29.690500,2.279900,29.564600,2.009900
1,1,22.814259,23.025699,2.467400,22.833200,1.886500
1,1,22.841872,27.612600,3.187600,27.510300,1.519700
1,1,22.865646,23.774698,3.404500,23.412901,1.636200
1,1,22.892157,26.510600,3.605800,26.837700,1.772400
1,1,22.915185,23.028202,2.925200,23.204000,1.403200
1,1,22.940684,25.499199,3.096700,25.594999,2.410300
1,1,22.965667,24.982501,2.495900,24.076200,2.640900
1,1,22.992405,26.738398,3.379000,27.850500,2.083900
1,1,23.015568,23.163401,2.188400,22.204000,2.054400
1,1,23.042208,26.639201,3.547100,27.214199,1.871000
1,1,23.066889,24.681401,2.692100,25.075001,1.867800
1,1,23.094419,27.529601,2.127200,26.980700,1.838200
1,1,23.118977,24.557900,2.547200,24.740400,2.557400
1,1,23.149093,30.116599,2.639300,29.150999,1.751900
1,1,23.175968,26.874799,3.560300,27.686600,1.794000
1,1,23.200220,24.251901,2.639000,24.284500,1.743100
1,1,23.227613,27.392801,2.612100,27.435699,1.626900
1,1,23.250776,23.162998,2.654900,23.140600,1.759400
1,1,23.281439,30.663699,2.746000,30.426399,1.438000
1,1,23.302703,21.263503,2.572100,21.875700,1.918700
1,1,23.332103,29.400300,2.441400,28.770100,1.544200
1,1,23.360376,28.272498,2.858100,28.377001,2.211300
1,1,23.383217,22.841502,2.907000,22.989300,1.628600
1,1,23.413426,30.208997,3.000600,30.331900,2.006800
1,1,23.436762,23.335401,2.854000,23.379000,2.040100
1,1,23.463544,26.782699,3.123700,26.711599,1.730900
1,1,23.487534,23.989402,2.897700,23.783100,1.762900
1,1,23.512410,24.875898,2.659600,25.105600,1.709500
1,1,23.540702,28.292403,2.283100,28.407000,1.753700
1,1,23.565153,24.451099,2.388600,24.342800,1.853700
1,1,23.592898,27.744401,2.372700,27.999800,1.871300
1,1,23.617900,25.002800,2.005700,24.715799,1.633900
1,1,23.646847,28.947197,2.279600,28.894899,1.645800
1,1,23.675324,28.476201,2.364100,28.124100,2.101300
1,1,23.697127,21.803100,3.084000,22.254200,1.492300
1,1,23.719582,22.454903,2.249100,22.151699,1.916300
1,1,23.747807,28.225496,2.566700,28.149401,2.105500
1,1,23.769967,22.160001,2.490100,22.440901,2.104100
1,1,23.798078,28.111100,2.337600,28.154499,1.691900
1,1,23.826980,28.901599,2.277600,28.526899,1.748600
1,1,23.849578,22.598200,2.805600,22.117599,2.434000
1,1,23.872813,23.234703,4.335200,23.611799,2.143500
1,1,23.899134,26.321199,3.080900,26.410400,2.513000
1,1,23.923342,24.208099,2.691600,24.187201,2.002300
1,1,23.952018,28.675601,2.939500,28.788099,2.440700
1,1,23.978155,26.137501,2.733200,26.240299,2.223000
1,1,24.003109,24.953801,2.562500,24.849199,1.995200
1,1,24.031555,28.445598,2.902200,28.362801,2.393200
1,1,24.059246,27.691100,2.910400,27.880301,2.042300
1,1,24.082187,22.941202,2.883200,22.859800,2.373000
1,1,24.106816,24.629001,2.947700,24.456600,1.895800
1,1,24.134090,27.274597,2.781400,26.557100,2.232500
1,1,24.160771,26.680101,3.521000,27.607000,1.992000
1,1,24.184981,24.210501,2.557800,24.256001,2.211900
1,1,24.212921,27.939498,2.439600,27.168200,1.714900
1,1,24.241307,28.386299,3.247300,28.867599,1.813700
1,1,24.264973,23.666203,3.011300,23.624001,1.934700
1,1,24.291801,26.827998,2.727900,26.879499,2.157400
1,1,24.314337,22.535902,2.584800,22.607300,2.107700
1,1,24.337790,23.452800,2.834600,23.567301,1.870000
1,1,24.366030,28.240398,2.710200,27.880800,2.040900
1,1,24.389530,23.499802,2.703200,23.836399,1.923700
1,1,24.417951,28.421000,2.446100,28.414700,1.913100
1,1,24.446391,28.439600,2.354600,28.284401,1.824500
1,1,24.474420,28.028902,3.591900,27.911699,2.245000
1,1,24.498012,23.592599,2.789300,23.215500,1.716800
1,1,24.525589,27.577300,3.199500,28.086800,1.900600
1,1,24.549584,23.994800,2.702000,23.840300,2.077900
1,1,24.577563,27.979102,2.798100,28.027700,1.831600
1,1,24.599487,21.923799,2.627800,21.901100,2.116700
1,1,24.626806,27.318999,2.809400,27.022100,1.887700
1,1,24.649357,22.551201,2.879200,22.619900,1.863000
1,1,24.678035,28.677799,3.000500,28.955000,2.066000
1,1,24.701555,23.519699,2.495200,23.458099,2.393500
1,1,24.730784,29.228803,2.957900,28.853001,2.348800
1,1,24.756646,25.861900,3.029200,25.786301,2.263800
1,1,24.783019,26.373200,3.566100,26.830700,2.240800
1,1,24.810532,27.513497,2.589100,27.314800,1.904100
1,1,24.833456,22.924203,2.645900,22.528799,2.415500
1,1,24.863262,29.805299,3.310900,29.774900,2.128100
1,1,24.890995,27.733799,4.014100,28.544500,2.102200
1,1,24.915050,24.054900,2.321800,23.790400,1.632500
1,1,24.942286,27.235601,2.687700,26.873100,1.918400
1,1,24.965190,22.904299,2.800400,22.668900,1.860300
1,1,24.991448,26.257899,3.021600,25.963100,1.794700
1,1,25.015803,24.354402,3.483900,24.279400,2.128900
1,1,25.041874,26.071399,4.073000,27.237301,2.381700
1,1,25.065712,23.838200,2.282300,23.294701,1.968400
1,1,25.091616,25.903601,2.868100,26.443501,1.645400
1,1,25.115548,23.932301,2.185900,23.492800,1.510300
1,1,25.142216,26.668198,2.680200,26.751600,2.126100
1,1,25.165694,23.477402,2.522800,23.333599,1.582500
1,1,25.190651,24.957500,2.657000,25.214701,1.862000
1,1,25.215526,24.874799,2.264400,24.652201,1.879000
1,1,25.242760,27.234301,2.529100,27.163000,1.752100
1,1,25.266537,23.776997,2.859300,24.143000,1.556400
1,1,25.294324,27.786903,2.357700,27.156700,1.703000
1,1,25.317085,22.760697,2.945600,23.360600,1.771400
1,1,25.345930,28.845403,2.843000,28.573799,1.810800
1,1,25.369058,23.128100,2.854600,23.266899,2.199700
1,1,25.395139,26.080199,2.412100,25.694500,1.460700
1,1,25.418314,23.175601,2.781900,23.371099,1.810700
1,1,25.445030,26.716199,3.074600,27.041100,1.637100
1,1,25.473998,28.967500,2.094600,28.893200,1.878500
1,1,25.497691,23.693200,2.485500,23.655001,2.135700
1,1,25.526596,28.905202,2.650700,28.650400,1.961300
1,1,25.549583,22.986498,2.979200,22.886400,1.781300
1,1,25.578425,28.842401,2.834100,29.096701,1.980100
1,1,25.607786,29.360902,2.445700,29.121500,1.821000
1,1,25.631475,23.689300,2.734200,23.404499,1.684000
1,1,25.658674,27.198900,3.185800,27.993700,2.055500
1,1,25.682484,23.809500,2.286500,23.393999,1.909700
1,1,25.707505,25.021501,2.350900,25.360600,1.869500
1,1,25.732279,24.774197,2.083400,24.282000,1.721500
1,1,25.759932,27.652401,2.724000,28.235201,1.889200
1,1,25.785188,25.256101,2.521700,24.897301,1.606200
1,1,25.813277,28.088599,2.413400,28.067499,3.231600
1,1,25.838559,25.282599,2.313000,24.885900,2.054900
1,1,25.863123,24.563301,3.202000,24.584200,1.591500
1,1,25.886111,22.988200,2.765800,23.236900,1.613900
1,1,25.913953,27.841900,2.482100,27.929501,1.720200
1,1,25.938733,24.780698,2.429600,24.523100,1.967700
1,1,25.965879,27.146101,2.832500,25.336100,1.733100
1,1,25.990788,24.908498,4.995100,27.087099,2.327400
1,1,26.016326,25.538601,2.486900,24.578800,1.971000
1,1,26.044768,28.441202,3.577400,28.179600,2.304900
1,1,26.067193,22.425398,4.818000,23.167299,3.416200
1,1,26.094620,27.426701,3.399800,27.175900,2.053000
1,1,26.116617,21.997601,3.810100,22.452400,3.291400
1,1,26.145555,28.937601,2.920100,28.717400,1.695200
1,1,26.168841,23.285698,3.972300,22.736099,2.018300
1,1,26.195604,26.763499,4.278700,27.257900,2.796900
1,1,26.221673,26.068401,2.970900,25.983700,2.162400
1,1,26.246282,24.608903,2.895500,24.965799,2.054400
1,1,26.273755,27.473599,2.585800,27.236200,1.797200
1,1,26.295883,22.127401,2.638300,22.008900,2.112600
1,1,26.320965,25.082599,2.623300,25.169701,2.222300
1,1,26.345552,24.586599,2.618900,24.912500,1.799800
1,1,26.368467,22.914801,2.142000,22.986300,2.207700
1,1,26.394576,26.109301,2.087000,25.660601,1.898800
1,1,26.416353,21.777697,2.923600,21.956301,2.101500
1,1,26.444017,27.663302,2.502300,27.421301,2.094300
1,1,26.466399,22.382099,2.744400,22.745600,1.669300
1,1,26.495465,29.065602,2.275500,28.554199,2.047700
1,1,26.518136,22.671800,2.970100,23.055799,3.028400
1,1,26.544918,26.781499,2.572500,26.799000,2.125600
1,1,26.568503,23.585699,2.419100,23.641199,1.998000
1,1,26.597497,28.993599,2.503200,28.806700,1.658500
1,1,26.624769,27.271900,2.552000,27.185301,2.095000
1,1,26.647703,22.933699,3.546500,22.480101,1.759100
1,1,26.671981,24.277903,3.054000,25.047600,1.993500
1,1,26.698826,26.844900,2.306500,26.365200,1.753100
1,1,26.725113,26.287399,2.708700,26.588800,2.341000
1,1,26.747364,22.251099,2.302300,22.285900,1.746200
1,1,26.773466,26.102498,2.267900,25.937099,2.063100
1,1,26.798347,24.881002,2.726700,24.748100,1.658600
1,1,26.822081,23.733601,2.601500,23.749599,1.861100
1,1,26.848199,26.117899,2.552300,26.092501,1.929400
1,1,26.871234,23.034502,2.790400,23.371201,2.066400
1,1,26.897207,25.973700,2.225600,25.719999,1.763900
1,1,26.919637,22.429898,2.379200,22.555799,1.813300
1,1,26.947275,27.637701,2.493200,27.648500,1.565400
1,1,26.975204,27.929500,2.382700,27.583599,2.212400
1,1,26.999228,24.023701,3.135400,23.803600,2.082300
1,1,27.021311,22.083297,2.926000,22.396799,2.082200
1,1,27.050187,28.876003,2.629300,27.783199,2.193900
1,1,27.076586,26.399199,3.689000,27.663401,2.103100
1,1,27.099790,23.203000,2.392500,22.742500,1.980100
1,1,27.127051,27.261097,2.932700,27.698601,2.263000
1,1,27.148966,21.915201,2.402100,21.852301,1.823300
1,1,27.176546,27.580000,2.606400,27.776899,2.003100
1,1,27.199443,22.897001,2.161600,22.658199,1.563600
1,1,27.228464,29.021598,2.383300,29.228001,1.814700
1,1,27.252261,23.796700,2.375400,23.525700,1.677500
1,1,27.281436,29.175002,2.806600,28.908100,1.557500
1,1,27.310324,28.887499,2.810500,29.081200,2.363500
1,1,27.334797,24.473399,2.802900,24.702400,1.677600
1,1,27.362569,27.771801,2.194400,27.484301,1.596900
1,1,27.389979,27.410500,2.491000,27.234600,2.232300
1,1,27.414343,24.363901,2.764300,24.419300,1.580800
1,1,27.441408,27.064897,3.119300,27.526100,1.858900
1,1,27.463822,22.414003,2.223400,22.295300,2.490700
1,1,27.492193,28.370798,2.333600,28.157801,1.799000
1,1,27.516764,24.570700,2.801200,24.635700,1.783000
1,1,27.544543,27.779602,2.421900,27.846300,1.617800
1,1,27.567737,23.193698,2.237300,22.895901,1.508700
1,1,27.596467,28.730001,2.742900,28.983601,1.685400
1,1,27.624484,28.016701,2.280800,27.775200,1.632000
1,1,27.647279,22.795498,2.449100,22.744801,1.620500
1,1,27.670772,23.492899,2.710000,24.025200,1.807100
1,1,27.696661,25.888603,2.238000,25.558399,1.551000
1,1,27.719209,22.548497,2.367400,22.352900,1.828400
1,1,27.747931,28.721601,3.362600,28.505899,1.792400
1,1,27.770155,22.224002,2.930600,22.840900,2.620400
1,1,27.797973,27.818199,2.286300,27.572201,1.745700
1,1,27.825556,27.583499,2.443500,27.600800,1.826900
1,1,27.848259,22.702500,2.425500,22.492800,2.009700
1,1,27.870455,22.195801,2.578300,22.642200,1.844100
1,1,27.898792,28.337799,2.055800,27.950701,1.475100
1,1,27.922184,23.391400,2.366700,23.263599,1.697200
1,1,27.949537,27.353402,2.558900,26.927299,1.507900
1,1,27.975792,26.254300,3.135800,26.780399,1.948500
1,1,27.998596,22.803999,2.415200,22.849199,1.421000
1,1,28.025422,26.826199,2.537400,26.956200,1.935300
1,1,28.049526,24.104301,2.319800,23.828400,1.601500
1,1,28.077142,27.615599,2.460000,27.781099,2.007000
1,1,28.101680,24.538402,2.238700,24.242399,1.753600
1,1,28.129844,28.164297,2.591800,28.438400,1.761100
1,1,28.157515,27.670801,2.530600,27.560200,1.994300
1,1,28.181253,23.738001,2.440100,23.703800,1.901400
1,1,28.205471,24.218000,2.665900,24.039499,1.879700
1,1,28.230954,25.482699,2.565400,25.616899,1.908900
1,1,28.260251,29.297102,2.577500,29.092400,1.604200
1,1,28.283011,22.760499,3.143500,22.866699,1.735400
1,1,28.309978,26.966300,2.761000,27.265400,1.757600
1,1,28.334029,24.051398,2.573400,23.889000,1.440000
1,1,28.359896,25.866501,2.274900,25.615999,1.866500
1,1,28.382638,22.742599,2.550900,22.734100,1.860000
1,1,28.411112,28.473999,3.269900,28.615700,1.930100
1,1,28.434700,23.587801,2.848000,23.266899,1.965200
1,1,28.463046,28.345902,3.110500,28.510900,1.916800
1,1,28.488621,25.575500,2.823800,25.535101,2.085600
1,1,28.515387,26.765201,3.597400,26.777599,1.927900
1,1,28.545353,29.965997,3.567400,30.030800,2.100800
1,1,28.574518,29.165503,2.638800,29.035900,1.483300
1,1,28.596654,22.135999,2.925000,22.359501,1.586200
1,1,28.626332,29.677499,2.642800,29.822901,1.829700
1,1,28.650865,24.533700,3.566200,24.403601,2.217900
1,1,28.679013,28.147701,2.452300,28.029200,2.304700
1,1,28.707569,28.556000,2.857900,28.903700,2.160000
1,1,28.730250,22.680700,2.360200,22.415001,1.894800
1,1,28.757192,26.942000,2.270400,27.164101,2.117300
1,1,28.781473,24.280798,2.246100,23.614100,1.571200
1,1,28.805449,23.976203,2.820700,24.201900,2.110800
1,1,28.832057,26.608597,2.508300,26.772900,1.689700
1,1,28.854219,22.161402,2.442500,22.066200,1.756300
1,1,28.882238,28.019700,2.430900,27.919100,1.955800
1,1,28.909461,27.222101,2.708900,27.496799,1.712600
1,1,28.932634,23.173898,2.880200,23.005400,1.634500
1,1,28.959883,27.248099,2.523600,27.599899,1.955100
1,1,28.984626,24.743501,2.009000,24.677200,1.975700
1,1,29.012261,27.634598,2.038300,27.416500,2.079200
1,1,29.035799,23.538399,2.322200,23.483000,1.490600
1,1,29.064495,28.696101,2.210400,28.319300,1.623500
1,1,29.092902,28.406400,2.819400,28.565201,2.012700
1,1,29.115451,22.549901,2.899000,22.761999,1.430700
1,1,29.142490,27.038798,2.390800,27.283400,1.798600
1,1,29.165498,23.008000,2.046900,22.667000,1.754400
1,1,29.189454,23.955602,2.369600,23.989100,1.647000
1,1,29.216067,26.613001,2.551000,26.052099,1.780300
1,1,29.239242,23.174699,2.981400,23.493099,2.379900
1,1,29.265447,26.205201,2.567400,26.380699,1.979900
1,1,29.289333,23.886200,2.467300,23.714800,2.060200
1,1,29.315840,26.507400,2.564400,26.557699,1.430200
1,1,29.341221,25.380500,2.640300,25.814800,1.890900
1,1,29.366094,24.873599,2.120400,24.236200,1.689700
1,1,29.393988,27.893599,2.701100,28.286501,1.513300
1,1,29.417550,23.561701,2.325200,23.746599,1.625500
1,1,29.443888,26.337899,2.166600,25.847900,1.769600
1,1,29.466532,22.644300,2.540200,22.908501,1.758400
1,1,29.492470,25.937699,2.312200,26.177200,2.131100
1,1,29.517167,24.697799,2.102200,24.306499,1.595000
1,1,29.543888,26.720401,2.414700,26.728901,1.703800
1,1,29.568306,24.418201,2.333000,24.276199,1.954600
1,1,29.597444,29.138200,2.590800,29.491501,1.860400
1,1,29.620202,22.757400,2.305000,22.760401,1.513200
1,1,29.647416,27.214199,2.392500,27.382500,1.836300
1,1,29.671708,24.292100,2.439000,24.198700,1.890000
1,1,29.698971,27.263500,2.241200,26.711800,1.632900
1,1,29.725649,26.678000,2.791400,27.302999,2.479900
1,1,29.750847,25.197402,2.032200,25.034401,1.977700
1,1,29.779896,29.049199,2.257400,28.933800,1.705800
1,1,29.804849,24.952602,2.165900,24.968599,1.837600
1,1,29.829922,25.073700,2.217900,25.140400,1.723000
1,1,29.853419,23.496699,2.129600,23.452801,1.777800
1,1,29.881277,27.858298,2.201400,27.806601,1.504400
1,1,29.909016,27.738903,2.343700,27.568399,1.874200
1,1,29.931741,22.724699,2.524100,22.702200,1.469000
1,1,29.958849,27.107999,2.443500,27.305901,1.590300
1,1,29.983959,25.110401,2.094600,24.860600,1.505100
1,1,30.011595,27.635101,2.344800,27.866100,1.807500
1,1,30.035287,23.692898,2.119900,23.782101,1.566800
1,1,30.065561,30.273702,2.246500,29.771900,1.774600
1,1,30.091853,26.291899,2.558100,26.778999,1.898500
1,1,30.115029,23.175899,2.166400,22.681101,1.511900
1,1,30.143506,28.477300,2.780000,28.474199,2.034400
1,1,30.166075,22.568502,2.963700,22.688400,1.815200
1,1,30.193131,27.056597,2.640900,27.296600,1.907600
1,1,30.215981,22.850100,2.325600,22.333300,1.747000
1,1,30.242807,26.825503,2.746100,27.110701,1.617800
1,1,30.267459,24.651900,2.591400,24.939199,1.678600
1,1,30.295377,27.918499,2.320700,27.532600,1.665900
1,1,30.324071,28.693601,2.358200,28.599400,1.641000
1,1,30.346751,22.680297,2.805300,23.060301,1.553900
1,1,30.374423,27.671900,2.219300,27.677700,1.864800
1,1,30.396579,22.156000,2.216500,21.835899,1.850100
1,1,30.425621,29.041599,2.523700,29.048800,1.830500
1,1,30.448967,23.346502,2.542500,23.096399,1.673800
1,1,30.475656,26.689298,2.956800,26.888300,1.658800
1,1,30.499171,23.514003,2.637500,23.460600,1.324800
1,1,30.524657,25.486797,2.470200,25.747999,1.785900
1,1,30.549211,24.554200,2.232600,24.119801,1.682100
1,1,30.577182,27.970802,2.658200,28.329300,1.797900
1,1,30.599941,22.759099,2.351900,22.867500,1.672700
1,1,30.626823,26.881699,2.285600,26.710600,1.750300
1,1,30.649620,22.797301,2.312700,23.059999,1.772700
1,1,30.677496,27.875300,2.114500,27.413601,1.829000
1,1,30.700268,22.771899,2.762000,22.586800,1.388400
1,1,30.728790,28.522301,2.941100,29.040001,1.647200
1,1,30.754234,25.444299,2.057800,25.052799,1.596700
1,1,30.778907,24.672702,2.775200,25.093599,1.466400
1,1,30.802279,23.371797,2.057500,23.309401,1.614100
1,1,30.830099,27.820203,2.241600,27.249201,1.501200
1,1,30.857240,27.140800,2.713800,27.319099,1.716900
1,1,30.879012,21.771997,2.573200,22.145500,1.584600
1,1,30.903989,24.977300,2.170900,24.627800,1.657300
1,1,30.928550,24.560902,2.418200,24.678301,1.419200
1,1,30.951626,23.076199,2.325900,23.331100,1.681500
1,1,30.979916,28.290398,2.359800,28.106600,1.520400
1,1,31.002843,22.926100,2.290300,22.732401,2.760500
1,1,31.030461,27.618803,2.816900,27.662100,1.348900
1,1,31.052700,22.238497,2.460700,22.474400,1.784400
1,1,31.081784,29.084500,2.451200,28.751900,1.560500
1,1,31.107060,25.275402,2.494700,25.255100,1.839200
1,1,31.130346,23.286600,2.484500,23.621799,1.652800
1,1,31.158277,27.930301,2.255100,27.553301,1.687500
1,1,31.181076,22.799201,2.838000,23.015200,1.692200
1,1,31.209730,28.654497,2.455900,28.317600,1.952600
1,1,31.231521,21.790400,2.699700,21.962200,2.181000
1,1,31.255200,23.679100,2.533000,23.783600,1.491000
1,1,31.283845,28.644800,2.662300,27.867001,1.705000
1,1,31.310832,26.987102,3.153200,27.517799,2.041700
1,1,31.335234,24.402298,2.951400,24.607901,1.467700
1,1,31.362050,26.815999,2.457000,26.824100,1.556300
1,1,31.385528,23.478001,2.360100,23.525200,1.731900
1,1,31.415226,29.698201,2.755100,29.760900,1.633900
1,1,31.441853,26.626300,2.272900,26.623800,1.789700
1,1,31.465669,23.816701,2.426700,23.810699,1.648100
1,1,31.493623,27.953498,2.121600,27.821501,1.571300
1,1,31.517820,24.197299,2.395700,23.997601,1.738000
1,1,31.545323,27.502801,2.469300,27.482800,1.578300
1,1,31.568367,23.043700,2.384500,23.335600,1.784000
1,1,31.596344,27.977701,2.452800,28.079100,1.551300
1,1,31.618323,21.978799,2.018400,21.909599,1.868600
1,1,31.645650,27.326699,2.082900,27.119400,1.414100
1,1,31.667943,22.293702,2.193700,22.660299,1.549700
1,1,31.694533,26.589099,1.916800,26.403500,1.682700
1,1,31.717957,23.424201,2.049800,23.193899,1.788200
1,1,31.746163,28.205801,2.532400,28.261101,1.715400
1,1,31.771272,25.109898,2.101600,24.870001,1.982600
1,1,31.796687,25.414899,2.485600,25.441401,1.493200
1,1,31.823251,26.563503,2.456500,26.786699,1.733300
1,1,31.845852,22.601198,2.473100,22.745399,2.028100
1,1,31.869919,24.066702,2.017400,23.614599,1.643400
1,1,31.897808,27.888998,2.353200,28.038799,1.705200
1,1,31.919731,21.923501,2.267600,22.224600,2.067200
1,1,31.947494,27.762599,1.989800,27.491899,1.613900
1,1,31.974851,27.357500,2.364100,27.398800,2.057600
1,1,31.997538,22.686701,2.323200,22.674500,1.879500
1,1,32.025549,28.011300,2.570800,27.621901,1.609200
1,1,32.047564,22.014998,2.765600,22.498699,1.764000
1,1,32.070260,22.696100,2.438300,22.604601,1.661200
1,1,32.098588,28.327800,2.549400,28.171600,1.981200
1,1,32.127956,29.367600,2.537600,29.218201,2.359100
1,1,32.150574,22.617802,2.729100,22.752100,2.409800
1,1,32.177483,26.909299,2.259800,26.706100,2.301300
1,1,32.201779,24.295598,2.738100,24.725000,1.618200
1,1,32.229771,27.991902,2.027900,27.670200,1.776900
1,1,32.251107,21.336999,2.249400,21.413799,1.662400
1,1,32.279159,28.051101,2.319700,28.193001,1.773500
1,1,32.302739,23.580801,2.157100,23.431101,1.791700
1,1,32.331266,28.526500,2.596600,28.418400,1.696800
1,1,32.358323,27.056798,2.556100,26.969999,1.903000
1,1,32.380973,22.649802,2.701000,22.722601,2.006700
1,1,32.403253,22.280898,2.541500,22.194099,1.968200
1,1,32.431615,28.361201,2.728400,28.364500,1.818100
1,1,32.461107,29.492099,2.668200,29.716400,1.766400
1,1,32.483797,22.690501,2.761000,22.680599,1.687600
1,1,32.510501,26.703700,2.302400,26.622000,1.578400
1,1,32.533930,23.428999,2.068000,23.317600,1.960400
1,1,32.559890,25.959801,2.533500,26.197901,2.241000
1,1,32.584292,24.402499,2.213500,24.038300,1.737700
1,1,32.611209,26.916701,2.551900,27.201200,1.685300
1,1,32.637734,26.524898,2.167700,26.106800,1.682500
1,1,32.662053,24.319500,2.973400,24.798901,1.424300
1,1,32.685122,23.068599,2.300300,22.963100,1.867200
1,1,32.712091,26.968703,2.559900,26.843800,1.862100
1,1,32.734717,22.626597,2.255700,22.647499,1.723200
1,1,32.764781,30.064102,2.698600,28.965200,1.689300
1,1,32.792770,27.988300,3.568300,29.283199,1.527400
1,1,32.816068,23.298100,2.432500,22.668800,2.027400
1,1,32.841201,25.133699,2.792700,25.386999,1.513000
1,1,32.864558,23.356900,2.575200,23.191999,1.816000
1,1,32.892709,28.150402,2.644400,28.106800,2.584100
1,1,32.915649,22.940200,2.875800,23.023199,1.910500
1,1,32.942343,26.694499,2.587400,26.990499,2.269700
1,1,32.965720,23.376901,2.258600,22.682699,1.664000
1,1,32.992087,26.366599,3.069300,27.188101,1.677900
1,1,33.015290,23.203000,2.079100,22.868500,1.956400
1,1,33.042273,26.983600,2.426800,26.968800,2.088300
1,1,33.066753,24.479602,2.446100,24.388800,1.718100
1,1,33.093450,26.696697,2.585400,26.880400,1.643400
1,1,33.117714,24.264701,2.271800,24.045601,1.856000
1,1,33.145114,27.399402,2.626000,27.088499,1.715100
1,1,33.168372,23.258500,3.434600,23.778700,1.570500
1,1,33.197256,28.883599,2.298100,28.592501,1.675100
1,1,33.226033,28.777100,2.504200,29.175400,1.846000
1,1,33.249174,23.140799,2.435900,22.732599,1.730000
1,1,33.273917,24.743002,2.744000,25.041000,1.884100
1,1,33.298640,24.723500,2.268400,24.089199,1.857500
1,1,33.325208,26.567899,3.340200,27.054501,1.737500
1,1,33.346827,21.619201,2.500200,21.657301,1.693700
1,1,33.370738,23.910798,2.574300,23.993401,1.579700
1,1,33.397104,26.366200,2.602600,26.098499,1.494700
1,1,33.427290,30.185699,2.736600,30.222300,2.171000
1,1,33.452428,25.138002,2.888900,24.903000,1.825400
1,1,33.479246,26.817698,2.703600,27.212099,2.003900
1,1,33.503279,24.032902,2.235700,23.407000,1.622500
1,1,33.530832,27.553599,2.837600,28.246799,2.020600
1,1,33.560308,29.475402,2.100400,29.189301,1.791600
1,1,33.585298,24.990298,2.608800,24.888500,1.826300
1,1,33.612390,27.091999,2.569300,27.012899,1.659000
1,1,33.635183,22.793300,2.493200,23.144400,1.740400
1,1,33.662074,26.890401,2.426100,27.040300,1.883500
1,1,33.685328,23.254201,1.999700,23.143299,1.674500
1,1,33.711771,26.442900,2.359200,26.353399,1.779200
1,1,33.736062,24.290901,2.186900,24.247400,1.643700
1,1,33.765524,29.462200,2.439100,29.056601,1.548600
1,1,33.791786,26.262000,3.235700,26.818100,1.877800
1,1,33.817119,25.333498,2.294500,25.056299,1.573600
1,1,33.843349,26.229903,2.503700,26.288900,1.703600
1,1,33.868003,24.653800,2.431100,24.443600,1.723100
1,1,33.894632,26.629299,2.561400,26.859900,1.711400
1,1,33.918478,23.845199,2.420300,23.408501,1.554000
1,1,33.944922,26.444402,2.749200,26.952299,1.728200
1,1,33.967903,22.980697,2.135500,23.019899,1.483200
1,1,33.995473,27.569801,2.257600,27.616899,1.811100
1,1,34.018621,23.148600,1.921400,22.667101,1.689000
1,1,34.045996,27.374700,2.720800,27.891399,1.472000
1,1,34.075501,29.505502,2.026000,29.237400,1.935500
1,1,34.099548,24.046298,2.326700,23.713699,1.648100
1,1,34.129316,29.768299,2.648000,29.941500,1.888100
1,1,34.152508,23.192201,2.338200,23.004000,2.031400
1,1,34.179785,27.277000,2.380300,27.270399,2.042900
1,1,34.207915,28.129999,3.305700,28.505199,1.600800
1,1,34.231112,23.196399,2.500300,22.835699,1.627800
1,1,34.257913,26.801102,2.859100,27.124500,1.906700
1,1,34.282882,24.969101,2.544200,23.981300,1.757400
1,1,34.307669,24.787698,3.312400,25.694901,1.994800
1,1,34.332105,24.435002,2.537400,24.263500,2.106300
1,1,34.357819,25.714997,2.463600,25.679100,1.789500
1,1,34.382024,24.204101,2.788200,24.339600,1.882800
1,1,34.405642,23.618001,2.418100,23.665199,1.792300
1,1,34.432604,26.962597,2.292800,26.650000,1.653000
1,1,34.459518,26.914001,2.540800,27.280100,1.899600
1,1,34.483396,23.878101,2.221700,23.410601,1.552400
1,1,34.510402,27.005401,2.644200,26.993601,1.977900
1,1,34.533399,22.997499,2.926700,23.551600,1.515900
1,1,34.560510,27.110502,2.139600,26.815001,1.483900
1,1,34.583894,23.384698,2.598700,23.571899,1.756400
1,1,34.611390,27.495302,2.294000,27.220100,1.878100
1,1,34.634156,22.766799,2.436700,23.204901,1.688300
1,1,34.661718,27.561702,1.953900,27.401699,1.537200
1,1,34.690444,28.726097,2.043500,28.258900,1.621500
1,1,34.712413,21.968402,2.848000,22.440001,1.596900
1,1,34.735672,23.259599,2.472900,23.031401,1.536800
1,1,34.764211,28.538398,2.443200,28.445700,1.675700
1,1,34.793202,28.991003,2.565700,29.221600,2.011600
1,1,34.816314,23.112301,2.726400,23.029800,1.984000
1,1,34.841199,24.884898,2.313600,24.016100,1.571900
1,1,34.867937,26.738200,3.182400,27.048201,2.331000
1,1,34.893344,25.406901,3.130900,25.510300,2.300200
1,1,34.918439,25.094800,3.086800,25.156601,2.346000
1,1,34.945149,26.710100,3.183500,26.428400,2.382200
1,1,34.969299,24.150100,3.326400,24.563000,2.492200
1,1,34.998063,28.764300,3.028400,28.340599,2.463700
1,1,35.020454,22.390798,3.194200,22.798401,2.224800
1,1,35.049292,28.837800,3.764100,28.672100,2.058200
1,1,35.075712,26.419900,3.318400,26.319700,2.384600
1,1,35.103338,27.626403,3.540200,27.225300,2.306200
1,1,35.130441,27.103100,3.836700,27.694700,2.417400
1,1,35.159762,29.321197,2.902400,28.809000,2.461300
1,1,35.183576,23.813203,3.631700,24.245701,1.689000
1,1,35.211178,27.601998,2.943700,27.357901,2.044400
1,1,35.234864,23.685899,2.869500,24.031799,1.711400
1,1,35.262499,27.635500,2.639300,27.723700,1.664600
1,1,35.286612,24.112701,2.261900,23.633200,1.595900
1,1,35.313835,27.223699,2.926100,27.480400,2.159300
1,1,35.342784,28.948702,2.829700,29.242399,2.473400
1,1,35.366015,23.230400,3.244200,22.978201,1.794300
1,1,35.394410,28.395601,2.540000,28.292601,2.285400
1,1,35.416918,22.508200,2.727100,22.919800,1.615200
1,1,35.444520,27.602099,2.176700,27.340300,1.980600
1,1,35.468824,24.303801,2.687000,24.054600,2.087300
1,1,35.495398,26.573498,2.869700,26.937901,1.946200
1,1,35.519043,23.644902,2.384100,23.082300,1.790000
1,1,35.549688,30.645300,3.040300,30.802200,2.086100
1,1,35.576900,27.211700,2.675300,27.631701,2.095300
1,1,35.599638,22.738699,2.188300,21.924601,2.198800
1,1,35.626919,27.280699,2.884000,27.596399,2.422600
1,1,35.649506,22.587202,3.149800,22.634899,1.632900
1,1,35.671684,22.177398,3.300200,22.240400,2.247600
1,1,35.698057,26.373599,2.797100,26.317499,1.890700
1,1,35.726317,28.259702,2.805200,28.196699,2.051400
1,1,35.748984,22.667300,2.867600,22.562599,1.691400
1,1,35.776944,27.959801,3.125400,27.552099,1.867500
1,1,35.801137,24.193197,4.316900,24.669100,2.270700
1,1,35.827399,26.261799,3.003300,26.501301,1.956100
1,1,35.850181,22.781603,2.625100,22.490400,2.005300
1,1,35.877646,27.465798,4.316400,27.224100,2.130400
1,1,35.899660,22.013701,3.428800,22.507799,1.731300
1,1,35.928780,29.120099,2.767800,29.032101,1.711400
1,1,35.952267,23.486599,2.674300,22.996300,1.734800
1,1,35.980919,28.651603,3.479100,28.372000,2.517000
1,1,36.005160,24.241298,3.982200,25.108700,2.417700
1,1,36.029544,24.384700,2.749300,24.440201,2.010500
1,1,36.053110,23.565002,2.298300,23.445299,1.892600
1,1,36.081231,28.121099,3.886000,27.979799,1.680200
1,1,36.107432,26.201900,2.531300,26.445999,2.306400
1,1,36.130808,23.375001,2.607400,22.973301,2.110900
1,1,36.157734,26.926897,2.675600,27.177601,1.695300
1,1,36.181496,23.762003,2.697100,23.422199,1.796100
1,1,36.203995,22.498999,3.014200,22.735800,2.300400
1,1,36.229998,26.002198,2.872000,25.974600,1.735500
1,1,36.255461,25.463302,2.352300,25.238501,2.042200
1,1,36.280035,24.574399,2.779700,24.865601,1.821800
1,1,36.302645,22.609800,2.420800,22.740000,2.069900
1,1,36.331552,28.907400,2.511000,28.092899,1.559300
1,1,36.357045,25.492501,2.968000,25.869699,1.836700
1,1,36.381369,24.323601,2.988600,24.436701,2.103200
1,1,36.409064,27.695198,2.749800,27.846100,1.662900
1,1,36.432387,23.322903,2.600400,22.840599,1.728900
1,1,36.456060,23.672998,3.964400,24.203800,1.906900
1,1,36.481188,25.127999,2.428900,24.905399,2.023700
1,1,36.508658,27.470201,2.667200,27.584299,2.104000
1,1,36.533494,24.835702,2.682000,24.945000,1.697200
1,1,36.560654,27.160600,2.349500,27.137600,1.784600
1,1,36.583606,22.951599,2.227200,22.890200,2.031500
1,1,36.610462,26.855800,2.397600,26.639200,1.464900
1,1,36.633121,22.659101,2.494400,22.812799,1.513200
1,1,36.660049,26.927900,2.405400,27.024099,1.857100
1,1,36.683071,23.022197,2.200200,22.739901,1.381600
1,1,36.706430,23.358703,2.483100,23.386000,1.987400
1,1,36.732680,26.250798,2.497800,26.491800,1.577600
1,1,36.759953,27.272202,2.133400,27.358200,1.815800
1,1,36.783298,23.345698,2.079800,23.254801,1.448500
1,1,36.810242,26.943803,2.141500,27.064400,1.736200
1,1,36.834013,23.770899,2.047300,23.210600,1.498200
1,1,36.860708,26.695099,2.656300,26.936800,1.567900
1,1,36.884772,24.064202,2.437100,24.234400,1.669600
1,1,36.912701,27.928598,2.260600,27.215401,1.883000
1,1,36.934158,21.457002,2.935500,22.004299,1.780600
1,1,36.961420,27.261999,2.631800,27.203800,2.021000
1,1,36.985931,24.511099,2.530700,24.213699,2.208100
1,1,37.012048,26.117302,2.867400,26.607100,2.255000
1,1,37.039044,26.995700,2.228000,26.391300,1.764900
1,1,37.062677,23.632899,3.048200,24.320200,1.889100
1,1,37.086315,23.637801,2.021200,23.391001,1.971100
1,1,37.115528,29.213499,2.889900,28.954201,1.879700
1,1,37.143490,27.962301,2.637100,28.019400,1.755600
1,1,37.166605,23.114398,2.741200,22.687000,1.706000
1,1,37.194446,27.841300,2.981900,28.429199,1.853300
1,1,37.216534,22.088300,2.369100,21.844999,2.077100
1,1,37.243500,26.965201,2.570400,27.161100,2.016200
1,1,37.266213,22.713900,2.554500,22.690001,1.724700
1,1,37.293236,27.022902,2.400600,26.862499,2.000400
1,1,37.316477,23.240197,2.638200,23.141199,1.636300
1,1,37.343706,27.229201,2.807500,27.101200,1.719300
1,1,37.366145,22.439301,2.747100,22.820499,1.606900
1,1,37.393948,27.803097,2.369800,27.543600,1.922500
1,1,37.416690,22.741802,2.769300,22.875500,1.889300
1,1,37.442482,25.792498,2.474200,25.507299,1.990800
1,1,37.465638,23.155503,3.312000,23.773399,1.591500
1,1,37.492708,27.070299,2.126400,26.961100,1.889600
1,1,37.516500,23.791499,2.361800,23.371500,2.359200
1,1,37.543264,26.763801,2.633600,26.718300,2.173600
1,1,37.565880,22.616901,2.715000,22.538300,1.596700
1,1,37.592843,26.962399,2.768900,27.293501,1.692200
1,1,37.615201,22.357799,2.373400,22.420601,1.624900
1,1,37.638933,23.732699,2.321700,23.452600,1.909700
1,1,37.665042,26.108902,2.540800,26.164801,1.739200
1,1,37.692533,27.490299,2.492900,27.418301,1.782400
1,1,37.715313,22.780899,2.757700,22.847700,2.221200
1,1,37.744185,28.871600,2.478500,28.943100,1.850700
1,1,37.767130,22.944503,2.366500,22.931601,1.832800
1,1,37.795408,28.278098,2.746100,28.379200,2.459900
1,1,37.818542,23.134001,2.497000,22.792299,1.892300
1,1,37.845943,27.401403,2.676700,27.843901,1.839700
1,1,37.869579,23.635499,3.674300,23.146099,1.883300
1,1,37.897758,28.179798,2.733800,28.082600,1.926000
1,1,37.925348,27.589802,2.734400,28.100401,1.564900
1,1,37.949011,23.662601,3.062100,23.215099,1.876000
1,1,37.972348,23.337200,2.807800,23.309700,2.380800
1,1,37.999934,27.586199,2.815400,27.364100,1.613400
1,1,38.026239,26.304800,3.045100,27.118500,1.704200
1,1,38.049790,23.550700,2.129700,22.716900,1.770700
1,1,38.077354,27.563900,2.902900,28.327600,1.710400
1,1,38.101718,24.364699,2.556000,24.090599,1.533800
1,1,38.128839,27.120799,2.358600,27.319401,1.824300
1,1,38.152195,23.356102,2.114400,23.308599,1.604200
1,1,38.182306,30.110799,2.354700,29.424999,1.811500
1,1,38.209991,27.685300,2.924500,27.813400,1.968900
1,1,38.233085,23.094099,2.837300,23.371700,1.975600
1,1,38.261000,27.914602,2.652200,27.855400,2.379700
1,1,38.285022,24.021599,2.705000,24.012600,1.671200
1,1,38.312162,27.140900,2.458500,27.414400,1.608500
1,1,38.337064,24.901398,2.287300,24.853001,1.737900
1,1,38.366025,28.960802,2.474200,28.835800,1.708400
1,1,38.392920,26.895501,2.387800,27.032200,1.530900
1,1,38.416246,23.326200,2.260500,23.372400,1.653100
1,1,38.443231,26.984598,2.230600,26.499100,1.817600
1,1,38.466270,23.038600,2.674000,23.475700,1.607200
1,1,38.494674,28.404303,2.234000,28.193600,1.920900
1,1,38.517671,22.997499,2.493000,22.707899,1.574200
1,1,38.544560,26.888400,2.737600,27.461000,1.980400
1,1,38.569951,25.391098,2.183300,25.281700,1.667500
1,1,38.597084,27.133200,2.264900,26.965099,1.910600
1,1,38.622670,25.585502,2.372300,25.343300,1.703100
1,1,38.648743,26.073899,2.602300,26.154600,2.260000
1,1,38.671012,22.268500,2.838600,22.708700,1.996100
1,1,38.699561,28.549500,2.126900,28.046499,1.751400
1,1,38.726038,26.476499,2.964600,26.601900,2.201400
1,1,38.749192,23.154400,2.530700,22.874701,1.716500
1,1,38.778140,28.947402,2.678800,29.127800,2.054400
1,1,38.800500,22.359900,2.840400,22.399799,1.840500
1,1,38.828537,28.036900,2.557900,28.187599,2.037600
1,1,38.852928,24.391301,2.581600,23.951099,1.899600
1,1,38.885080,32.152198,3.037800,32.219898,1.793200
1,1,38.917386,32.306101,3.126600,32.361000,2.258200
1,1,38.943878,26.492100,2.763100,26.356100,2.477000
1,1,38.968884,25.005698,3.197400,25.327600,1.892000
1,1,38.999910,31.026300,2.403600,31.029800,2.057700
1,1,39.024061,24.150301,2.373000,24.087200,2.668300
1,1,39.053676,29.615201,2.804700,29.285601,1.689000
1,1,39.087754,34.078397,3.014200,34.399300,2.115700
1,1,39.118420,30.665401,2.729100,30.150499,2.222000
1,1,39.150049,31.629600,3.306200,31.740801,2.023000
1,1,39.178290,28.240401,2.982400,28.602200,1.953300
1,1,39.206731,28.441198,2.875700,28.165001,1.792300
1,1,39.234999,28.268501,2.820300,27.850500,2.103400
1,1,39.268094,33.094801,3.401800,33.131100,2.005700
1,1,39.296896,28.801501,3.092800,29.124701,2.670700
1,1,39.324026,27.130399,2.914000,27.617599,2.117400
1,1,39.351182,27.156100,2.378600,25.816200,2.192800
1,1,39.378224,27.042199,3.567400,27.898001,2.279000
1,1,39.402370,24.145901,2.607600,24.088100,1.968700
1,1,39.431064,28.694000,2.684400,29.037701,1.818100
1,1,39.461010,29.945999,2.270500,29.539600,1.863700
1,1,39.483089,22.079300,2.667700,22.369900,1.587400
1,1,39.511733,28.643299,2.541800,28.814800,1.791500
1,1,39.534961,23.228202,2.692400,23.117901,1.951600
1,1,39.563411,28.449900,2.460800,28.018400,1.923600
1,1,39.592108,28.697398,2.971600,29.302999,1.870200
1,1,39.615597,23.488902,2.963100,22.927000,1.994900
1,1,39.642191,26.593998,2.823400,27.042700,1.757900
1,1,39.666127,23.936301,2.381800,23.321899,1.870900
1,1,39.688277,22.149801,3.046600,22.717400,1.969500
1,1,39.715312,27.034599,2.279100,26.589199,1.773800
1,1,39.743846,28.533600,2.881100,28.758699,1.859000
1,1,39.767375,23.529999,2.763300,23.281200,1.483200
1,1,39.794451,27.075302,2.863700,27.276400,2.033000
1,1,39.818384,23.933198,2.647300,24.043501,1.583200
1,1,39.845261,26.876800,2.366000,26.812000,1.721400
1,1,39.868541,23.280401,2.290000,22.844999,1.690700
1,1,39.897321,28.779399,2.798200,28.956499,1.918800
1,1,39.920736,23.415200,2.600100,23.044901,2.071900
1,1,39.949659,28.923102,3.102000,29.162100,1.712500
1,1,39.976522,26.862800,3.082500,26.955299,1.973600
1,1,39.999241,22.719599,3.295900,22.915501,1.910000
1,1,40.023822,24.580598,2.510800,24.537100,1.848100
1,1,40.049651,25.828701,2.827100,25.984800,1.920800
1,1,40.076165,26.514001,2.179800,26.030100,2.043000
1,1,40.102367,26.202198,3.013100,25.411699,2.057100
1,1,40.122721,20.354003,3.997300,21.352501,2.021300
1,1,40.151526,28.804999,3.046600,27.722601,2.542200
1,1,40.177713,26.187498,3.931800,27.145500,2.310300
1,1,40.200735,23.021303,2.850400,22.111401,2.128700
1,1,40.226487,25.752500,4.171900,26.767401,1.784900
1,1,40.249046,22.559300,2.654800,22.629700,2.001200
1,1,40.276357,27.310301,2.634400,27.327200,1.722000
1,1,40.298271,21.913998,2.670800,21.835899,1.796900
1,1,40.326015,27.744099,2.460200,27.908400,1.920200
1,1,40.348555,22.539802,2.959600,22.518900,1.765500
1,1,40.375634,27.079098,2.449700,27.254101,2.046900
1,1,40.400130,24.496801,2.488000,24.073000,1.832400
1,1,40.428045,27.914699,2.794300,27.871201,2.365400
1,1,40.451183,23.137599,3.485400,22.384399,1.797700
1,1,40.479548,28.365001,3.538000,29.120100,1.713200
1,1,40.505512,25.963899,3.050800,25.750200,2.004700
1,1,40.529877,24.365403,3.020800,24.186100,1.529700
1,1,40.552410,22.532500,2.914100,23.100401,1.831300
1,1,40.580305,27.895898,2.433500,27.701500,1.510300
1,1,40.607596,27.290400,2.691900,27.408400,1.603600
1,1,40.629797,22.201601,2.414800,22.448200,1.505500
1,1,40.655357,25.559001,2.122000,25.604799,1.983300
1,1,40.680208,24.851099,3.025000,24.581900,1.652700
1,1,40.705202,24.994299,2.336600,24.578600,1.522700
1,1,40.729721,24.519403,2.746300,24.957300,1.943600
1,1,40.752514,22.792999,2.287000,22.785200,1.859000
1,1,40.781430,28.916199,2.613700,28.389799,1.863000
1,1,40.809487,28.056100,2.943800,28.413300,1.717200
1,1,40.832790,23.303501,2.751300,23.123199,1.492300
1,1,40.855824,23.033999,2.816900,23.152901,2.064900
1,1,40.881898,26.074201,2.653500,26.178400,1.648000
1,1,40.910015,28.116900,2.367600,28.205799,1.869900
1,1,40.931969,21.953899,2.425800,21.991600,1.703000
1,1,40.959331,27.362101,2.232900,27.435900,1.714800
1,1,40.982048,22.716798,2.301000,22.591999,1.763700
1,1,41.005649,23.601502,2.646800,23.710699,1.720200
1,1,41.032225,26.575800,2.168400,26.176500,2.060900
1,1,41.055418,23.192201,2.639600,23.235500,1.788600
1,1,41.082887,27.469598,2.641900,27.358101,1.548400
1,1,41.109200,26.312999,2.813400,26.372299,2.226300
1,1,41.132406,23.205701,3.239100,23.057600,1.608800
1,1,41.161216,28.810401,3.226500,29.276800,1.945000
1,1,41.183888,22.672001,2.241000,22.125200,1.973600
1,1,41.211062,27.173899,2.929700,27.486200,1.951200
1,1,41.233425,22.362899,3.224000,22.340700,2.024400
1,1,41.260315,26.889998,3.029100,27.082399,2.202700
1,1,41.283821,23.506101,3.234600,22.387501,1.692400
1,1,41.311358,27.536802,3.721400,28.654699,2.012900
1,1,41.334495,23.136698,2.584200,22.545200,1.837100
1,1,41.361982,27.487900,3.175300,27.880100,1.870100
1,1,41.385441,23.458600,2.446400,23.563299,2.254100
1,1,41.413983,28.541900,2.574500,28.281900,1.801800
1,1,41.439735,25.752399,2.476000,25.177700,1.668100
1,1,41.464052,24.316601,3.044100,24.814100,1.656200
1,1,41.488408,24.356000,2.737300,24.570700,1.804800
1,1,41.515077,26.669499,2.599500,26.256001,1.962800
1,1,41.543505,28.427400,2.861200,28.859800,1.832300
1,1,41.568516,25.010802,2.481600,25.084999,1.918400
1,1,41.594873,26.357800,2.352100,26.546900,1.869500
1,1,41.617558,22.684701,1.775100,22.008900,1.480000
1,1,41.644605,27.047098,2.811400,27.339399,1.537800
1,1,41.667410,22.804901,2.504100,22.664000,1.723900
1,1,41.690371,22.961300,2.727600,22.833900,1.880300
1,1,41.716787,26.415501,2.643900,26.524099,1.481100
1,1,41.743671,26.884101,2.710900,26.748600,1.718900
1,1,41.766576,22.905000,2.937500,22.932199,1.770400
1,1,41.794428,27.851500,2.922900,27.711901,1.804900
1,1,41.816745,22.317499,2.999800,22.316500,1.593500
1,1,41.844673,27.928099,2.780300,28.156799,2.199000
1,1,41.866730,22.056501,2.504200,22.252800,1.779600
1,1,41.895444,28.714798,2.570300,28.712099,1.852300
1,1,41.917671,22.226803,2.406500,22.081301,1.698200
1,1,41.944543,26.871897,2.563600,27.143999,1.640900
1,1,41.968009,23.465700,2.314500,22.185900,1.753200
1,1,41.994941,26.932202,3.827200,27.487301,1.794800
1,1,42.017357,22.415899,2.854300,22.882299,1.804200
1,1,42.045426,28.069101,2.533900,28.261499,1.823500
1,1,42.069089,23.663197,2.446600,23.344601,1.717100
1,1,42.096176,27.087003,3.168000,27.346100,1.871500
1,1,42.122736,26.559699,2.278800,26.213400,1.669400
1,1,42.147251,24.514999,2.767700,24.749300,1.684900
1,1,42.175281,28.029799,2.352500,27.796600,1.773100
1,1,42.199341,24.060301,3.079100,24.075899,1.819300
1,1,42.221466,22.124998,2.422400,22.434299,2.183200
1,1,42.249669,28.203100,2.239300,28.059200,1.954700
1,1,42.278010,28.340399,2.748200,28.261299,2.343600
1,1,42.301029,23.019500,2.736900,22.884399,1.672000
1,1,42.327568,26.539303,2.752800,26.697300,1.650200
1,1,42.351381,23.813099,2.285700,23.504499,1.632200
1,1,42.377854,26.472699,2.511000,26.637899,2.031700
1,1,42.400221,22.366501,2.289800,22.491199,1.450000
1,1,42.427442,27.220801,2.333700,27.151100,1.508400
1,1,42.450412,22.970498,2.360800,23.098600,1.987200
1,1,42.477311,26.899301,2.169600,26.773600,1.910300
1,1,42.499956,22.645000,2.136100,22.652700,1.671200
1,1,42.527231,27.274501,2.326100,27.407000,1.721900
1,1,42.549360,22.129700,2.335500,22.029301,1.875900
1,1,42.577604,28.243002,2.221300,28.279499,1.777300
1,1,42.601764,24.160899,2.400100,23.959600,1.883500
1,1,42.628044,26.279200,2.365000,26.422100,2.062400
1,1,42.651442,23.398899,2.095300,23.099001,1.805200
1,1,42.677861,26.418500,2.745900,26.521700,1.708700
1,1,42.700062,22.201300,2.584400,21.903601,1.556100
1,1,42.725626,25.563903,2.849800,25.670900,1.788200
1,1,42.749734,24.107698,2.768000,24.263901,1.714800
1,1,42.778247,28.512899,2.646400,28.455500,1.883000
1,1,42.805445,27.198300,2.791200,26.932899,1.716600
1,1,42.829562,24.116803,3.070100,24.654699,1.737000
1,1,42.852531,22.968799,2.208100,22.960100,1.807700
1,1,42.879714,27.183600,2.283600,27.309200,1.429200
1,1,42.908197,28.483000,2.043900,27.962900,1.541800
1,1,42.931014,22.816401,2.695000,22.543699,1.656600
1,1,42.955900,24.886400,2.895100,25.538099,1.887400
1,1,42.980641,24.740402,2.302300,24.698900,1.522000
1,1,43.006179,25.538400,2.358100,25.635500,1.657400
1,1,43.032893,26.714399,2.641200,26.276400,1.603000
1,1,43.057188,24.294898,2.593800,24.264000,2.178700
1,1,43.082731,25.542799,2.882000,25.526600,1.555400
1,1,43.111707,28.976101,3.042900,29.060301,1.727600
1,1,43.135795,24.087701,2.582400,24.498199,1.576300
1,1,43.158334,22.539001,2.082500,21.630199,1.492800
1,1,43.180838,22.503797,10.720300,22.355900,2.047300
1,1,43.206818,25.980301,4.424300,26.797100,2.637200
1,1,43.230995,24.177302,2.710100,23.891100,2.368900
1,1,43.254886,23.890600,2.731300,23.528400,1.798700
1,1,43.282278,27.391899,3.077800,27.279600,2.395600
1,1,43.307186,24.908401,3.485800,25.093700,2.182400
1,1,43.332096,24.909899,3.378400,25.305099,2.013300
1,1,43.358006,25.910400,2.451700,25.312300,1.783700
1,1,43.381089,23.082301,3.224600,22.945801,2.151200
1,1,43.403617,22.527900,3.640900,23.247101,1.616100
1,1,43.429148,25.531400,3.122000,25.617701,1.603300
1,1,43.453003,23.855500,2.633600,23.413000,1.745000
1,1,43.477876,24.872299,2.698300,25.351900,1.672200
1,1,43.501593,23.716800,2.187900,23.544800,1.871800
1,1,43.526437,24.844199,2.330400,25.098301,1.674900
1,1,43.552264,25.827501,2.155300,25.201900,1.663500
1,1,43.576199,23.935199,2.707600,24.365801,1.825600
1,1,43.601078,24.879001,2.387300,24.710100,1.594400
1,1,43.624827,23.748498,2.358100,23.706400,1.522500
1,1,43.648700,23.873501,2.485500,23.602800,2.038100
1,1,43.677287,28.586600,3.108000,28.602501,2.484300
1,1,43.704604,27.316701,3.531100,26.370399,2.529200
1,1,43.735850,31.246100,4.661700,32.151299,2.625000
1,1,43.765748,29.898401,3.767800,30.103901,3.244700
1,1,43.794969,29.220399,2.855300,28.780701,2.827300
1,1,43.823101,28.132800,3.464400,26.305300,2.018000
1,1,43.848344,25.242999,5.248100,27.395800,2.707400
1,1,43.873373,25.028400,3.130200,25.033100,2.488900
1,1,43.896596,23.223601,3.169200,23.380800,2.359700
1,1,43.921852,25.255099,2.737800,25.022900,2.300600
1,1,43.954947,33.095803,2.749400,32.856998,2.017300
1,1,43.982177,27.229298,3.021600,25.013599,2.497000
1,1,44.004035,21.858100,5.743300,22.695499,2.396800
1,1,44.026035,22.000000,4.941900,23.220800,2.373400
1,1,44.051596,25.561202,4.521300,25.389299,2.189200
1,1,44.074584,22.987999,3.478500,23.312000,3.476100
1,1,44.100386,25.801800,3.905300,25.444901,2.415400
1,1,44.125136,24.750400,3.563600,25.060400,2.314000
1,1,44.147761,22.624400,3.114500,22.733000,2.548500
1,1,44.172990,25.229800,3.163100,25.194799,2.457500
1,1,44.196204,23.213901,3.031600,23.342501,2.035600
1,1,44.221722,25.517799,2.876900,25.229099,2.272200
1,1,44.244924,23.202199,3.339800,22.842899,2.445800
1,1,44.267731,22.806298,3.573400,23.154200,2.001400
1,1,44.296171,28.440103,3.202700,28.492201,2.083800
1,1,44.323718,27.547497,3.046400,27.404301,2.046400
1,1,44.347293,23.575302,3.069700,23.509899,2.994300
1,1,44.376072,28.778799,3.183700,28.720600,2.307700
1,1,44.406707,30.635100,3.529200,30.101200,2.279500
