Cycle,Stage,WallSeconds,Round,Actors,Components,PlayerStates,Pawns,Controllers,OwnedInventoryEntries,GlobalObjects,ClaimedObjectSlots,OldWorldWeakAlive,WorkingSetBytes,CommittedBytes,PeakWorkingSetBytes,PeakCommittedBytes,HUDLayouts,HUDWidgets,HUDExtensionPoints,VMBindings,HUDMessageListeners,HeroBindings,AbilitySpecs,RootInputGates,DiagnosticArrayStringBytes
1,SettledBegin,13.707246,1,56,112,4,4,1,2,45006,55648,0,1034080256,3357777920,1203441664,3370893312,1,4,4,16,6,16,4,0,980
1,SettledEnd,23.755589,1,56,112,4,4,1,2,45006,55648,0,827600896,3305902080,1203441664,3370893312,1,4,4,16,6,16,4,0,35484
2,SettledBegin,39.462030,1,56,112,4,4,1,2,44969,55610,0,728334336,3344670720,1203441664,3370893312,1,4,4,16,6,16,4,0,35484
2,SettledEnd,49.497285,1,56,112,4,4,1,2,44969,55610,0,661270528,3338526720,1203441664,3370893312,1,4,4,16,6,16,4,0,70048
3,SettledBegin,64.996648,1,56,112,4,4,1,2,44969,55610,0,626429952,3351375872,1203441664,3370893312,1,4,4,16,6,16,4,0,70048
3,SettledEnd,75.059205,1,56,112,4,4,1,2,44969,55610,0,624537600,3347574784,1203441664,3370893312,1,4,4,16,6,16,4,0,96984
4,SettledBegin,90.546684,1,56,112,4,4,1,2,44969,55610,0,574877696,3359977472,1203441664,3370893312,1,4,4,16,6,16,4,0,97988
4,SettledEnd,100.617469,1,56,112,4,4,1,2,44969,55610,0,559362048,3355652096,1203441664,3370893312,1,4,4,16,6,16,4,0,135076
5,SettledBegin,116.135015,1,56,112,4,4,1,2,44969,55610,0,562360320,3361280000,1203441664,3370893312,1,4,4,16,6,16,4,0,135076
5,SettledEnd,126.236485,1,56,112,4,4,1,2,44969,55610,0,557133824,3350228992,1203441664,3370893312,1,4,4,16,6,16,4,0,186018
6,SettledBegin,141.646593,1,56,112,4,4,1,2,44969,55610,0,593981440,3370422272,1203441664,3376930816,1,4,4,16,6,16,4,0,187376
6,SettledEnd,151.762088,1,56,112,4,4,1,2,44969,55610,0,586551296,3359535104,1203441664,3376930816,1,4,4,16,6,16,4,0,187376
