"Peer","Cycle","GCPolicy","Actors","Components","PlayerStates","Pawns","Controllers","OwnedInventoryEntries","GlobalObjects","ClaimedObjectSlots","OldWorldWeakAlive","WorkingSetBytes","CommittedBytes","VMBindings","HUDMessageListeners","HeroBindings","AbilitySpecs","DiagnosticArrayStringBytes","WorkingSetDelta","CommittedDelta","ObjectDelta"
"Server","1","Natural; no forced GC","69","125","4","4","4","8","45255","55897","0","387657728","3524718592","16","6","16","4","35516",,,
"Server","2","Natural; no forced GC","69","125","4","4","4","8","45152","55793","0","641675264","3357761536","16","6","16","4","70128","254017536","-166957056","-103"
"Server","3","Natural; no forced GC","69","125","4","4","4","8","45131","55772","0","613482496","3359846400","16","6","16","4","97104","-28192768","2084864","-21"
"Server","4","Natural; no forced GC","69","125","4","4","4","8","45131","55772","0","607629312","3380576256","16","6","16","4","135262","-5853184","20729856","0"
"Server","5","Natural; no forced GC","69","125","4","4","4","8","45152","55793","0","586776576","3380572160","16","6","16","4","186288","-20852736","-4096","21"
"Server","6","Natural; no forced GC","69","125","4","4","4","8","45110","55751","0","613879808","3404255232","16","6","16","4","187650","27103232","23683072","-42"
"ClientA","1","Natural; no forced GC","56","112","4","4","1","2","45006","55648","0","827600896","3305902080","16","6","16","4","35484",,,
"ClientA","2","Natural; no forced GC","56","112","4","4","1","2","44969","55610","0","661270528","3338526720","16","6","16","4","70048","-166330368","32624640","-37"
"ClientA","3","Natural; no forced GC","56","112","4","4","1","2","44969","55610","0","624537600","3347574784","16","6","16","4","96984","-36732928","9048064","0"
"ClientA","4","Natural; no forced GC","56","112","4","4","1","2","44969","55610","0","559362048","3355652096","16","6","16","4","135076","-65175552","8077312","0"
"ClientA","5","Natural; no forced GC","56","112","4","4","1","2","44969","55610","0","557133824","3350228992","16","6","16","4","186018","-2228224","-5423104","0"
"ClientA","6","Natural; no forced GC","56","112","4","4","1","2","44969","55610","0","586551296","3359535104","16","6","16","4","187376","29417472","9306112","0"
"ClientB","1","Natural; no forced GC","56","112","4","4","1","2","45006","55648","0","913715200","3323518976","16","6","16","4","35482",,,
"ClientB","2","Natural; no forced GC","56","112","4","4","1","2","44969","55610","0","625324032","3321810944","16","6","16","4","70046","-288391168","-1708032","-37"
"ClientB","3","Natural; no forced GC","56","112","4","4","1","2","44969","55610","0","625922048","3337814016","16","6","16","4","96982","598016","16003072","0"
"ClientB","4","Natural; no forced GC","56","112","4","4","1","2","44969","55610","0","572583936","3345084416","16","6","16","4","135072","-53338112","7270400","0"
"ClientB","5","Natural; no forced GC","56","112","4","4","1","2","44969","55610","0","579575808","3338862592","16","6","16","4","186014","6991872","-6221824","0"
"ClientB","6","Natural; no forced GC","56","112","4","4","1","2","44969","55610","0","586870784","3348983808","16","6","16","4","187374","7294976","10121216","0"
"ClientC","1","Natural; no forced GC","56","112","4","4","1","2","45006","55648","0","865710080","3313922048","16","6","16","4","35482",,,
"ClientC","2","Natural; no forced GC","56","112","4","4","1","2","44969","55610","0","621109248","3341852672","16","6","16","4","70046","-244600832","27930624","-37"
"ClientC","3","Natural; no forced GC","56","112","4","4","1","2","44969","55610","0","620617728","3354849280","16","6","16","4","96982","-491520","12996608","0"
"ClientC","4","Natural; no forced GC","56","112","4","4","1","2","44969","55610","0","568659968","3363000320","16","6","16","4","135072","-51957760","8151040","0"
"ClientC","5","Natural; no forced GC","56","112","4","4","1","2","44969","55610","0","587317248","3367206912","16","6","16","4","186014","18657280","4206592","0"
"ClientC","6","Natural; no forced GC","56","112","4","4","1","2","44969","55610","0","592568320","3372417024","16","6","16","4","187374","5251072","5210112","0"
