Cycle,Round,ReadWallSeconds,UniqueGPUFrameMS,Disjoint
1,0,13.102464,4.663600,0
1,0,13.119127,4.697100,0
1,0,13.135826,4.767900,0
1,0,13.152439,4.766300,0
1,0,13.169116,4.823600,0
1,0,13.185956,4.865600,0
1,0,13.202488,4.745200,0
1,0,13.219098,4.726900,0
1,0,13.235789,4.779100,0
1,0,13.252473,4.817800,0
1,0,13.269249,4.757900,0
1,0,13.285825,4.824300,0
1,0,13.302430,4.701000,0
1,0,13.319128,4.695500,0
1,0,13.335798,4.743200,0
1,0,13.352461,4.735900,0
1,0,13.369194,4.700500,0
1,0,13.385809,4.764100,0
1,0,13.402488,4.858900,0
1,0,13.419233,4.778600,0
1,0,13.435806,4.814100,0
1,0,13.452440,4.794800,0
1,0,13.469175,4.730200,0
1,0,13.485800,4.715000,0
1,0,13.502484,4.705400,0
1,0,13.519137,4.782100,0
1,0,13.535789,4.739200,0
1,0,13.552506,4.784500,0
1,0,13.569157,4.809700,0
1,0,13.585795,4.788300,0
1,0,13.602490,4.727800,0
1,0,13.619189,4.744200,0
1,0,13.635994,4.753000,0
1,0,13.652455,4.806300,0
1,0,13.669155,4.762300,0
1,0,13.685941,4.807700,0
1,0,13.702541,4.808200,0
1,0,13.719152,4.878200,0
1,0,13.735827,4.793600,0
1,0,13.752503,4.857400,0
1,0,13.769161,4.737100,0
1,0,13.785852,5.397600,0
1,0,13.802513,5.273700,0
1,0,13.819135,4.741500,0
1,0,13.835922,4.791500,0
1,0,13.852766,4.896800,0
1,0,13.869134,4.819200,0
1,0,13.885817,4.836300,0
1,0,13.902548,4.963900,0
1,0,13.919235,4.541900,0
1,0,13.935782,4.589500,0
1,0,13.952534,5.276200,0
1,0,13.969149,4.617200,0
1,0,13.985891,4.686500,0
1,0,14.002538,4.585500,0
1,0,14.019143,4.600400,0
1,0,14.035835,5.198600,0
1,0,14.052853,4.554500,0
1,0,14.069133,4.587200,0
1,0,14.085965,4.573800,0
1,0,14.102510,4.597300,0
1,0,14.119145,5.194100,0
1,0,14.135812,4.647800,0
1,0,14.152490,4.544500,0
1,0,14.169274,4.507800,0
1,0,14.185853,4.506000,0
1,0,14.202497,5.104500,0
1,0,14.219140,4.478600,0
1,0,14.235854,4.531600,0
1,0,14.252493,4.644000,0
1,0,14.269077,4.516100,0
1,0,14.285812,5.123900,0
1,0,14.302493,5.444700,0
1,0,14.319324,4.565500,0
1,0,14.335943,4.509300,0
1,0,14.352472,4.524000,0
1,0,14.369167,5.179500,0
1,0,14.385810,4.564400,0
1,0,14.402555,4.501800,0
1,0,14.419245,4.502600,0
1,0,14.435944,4.538000,0
1,0,14.452507,4.592100,0
1,0,14.469149,4.507600,0
1,0,14.485837,4.640200,0
1,0,14.502556,4.538700,0
1,0,14.519179,4.540300,0
1,0,14.535856,5.234400,0
1,0,14.552498,4.511500,0
1,0,14.569166,4.524200,0
1,0,14.585835,4.584900,0
1,0,14.602529,4.516400,0
1,0,14.619243,4.550900,0
1,0,14.635800,4.550400,0
1,0,14.652488,4.533600,0
1,0,14.669135,4.592200,0
1,0,14.685838,4.538500,0
1,0,14.702550,4.552200,0
1,0,14.719163,4.535600,0
1,0,14.736028,4.553400,0
1,0,14.752533,4.557600,0
1,0,14.769191,5.437700,0
1,0,14.785785,4.645700,0
1,0,14.802460,4.569100,0
1,0,14.819126,4.544500,0
1,0,14.835811,4.501000,0
1,0,14.852452,4.631500,0
1,0,14.869104,4.551400,0
1,0,14.885798,4.546400,0
1,0,14.902553,4.514500,0
1,0,14.919114,4.535800,0
1,0,14.935924,4.516400,0
1,0,14.952608,4.518500,0
1,0,14.969199,4.555400,0
1,0,14.985863,4.611900,0
1,0,15.002520,4.495600,0
1,0,15.019120,4.576000,0
1,0,15.035823,4.656000,0
1,0,15.052514,4.634500,0
1,0,15.069171,4.622200,0
1,0,15.085834,4.536700,0
1,0,15.102495,4.543100,0
1,0,15.119168,4.549000,0
1,0,15.135826,4.658100,0
1,0,15.152871,4.550600,0
1,0,15.169150,4.593500,0
1,0,15.185868,4.530900,0
1,0,15.202619,4.590000,0
1,0,15.219153,4.650600,0
1,0,15.235848,4.534000,0
1,0,15.252509,4.539500,0
1,0,15.269136,4.547400,0
1,0,15.285799,4.633000,0
1,0,15.302451,4.518700,0
1,0,15.319142,4.508100,0
1,0,15.335888,4.531200,0
1,0,15.352512,4.621600,0
1,0,15.369462,4.539800,0
1,0,15.385842,4.548700,0
1,0,15.402494,4.660100,0
1,0,15.419156,4.540800,0
1,0,15.435897,4.521700,0
1,0,15.452460,4.557500,0
1,0,15.469135,4.606900,0
1,0,15.485779,4.554900,0
1,0,15.502494,4.527500,0
1,0,15.519176,4.537800,0
1,0,15.535818,4.600800,0
1,0,15.552445,4.614200,0
1,0,15.569160,4.481800,0
1,0,15.585889,4.613800,0
1,0,15.602608,4.654500,0
1,0,15.619135,4.665700,0
1,0,15.635852,4.539700,0
1,0,15.652506,4.550100,0
1,0,15.669189,4.567900,0
1,0,15.685791,4.554000,0
1,0,15.702516,4.610100,0
1,0,15.719140,4.678100,0
1,0,15.735955,4.553900,0
1,0,15.752545,4.682100,0
1,0,15.769194,4.515500,0
1,0,15.785871,4.555800,0
1,0,15.802500,4.530100,0
1,0,15.819255,4.561900,0
1,0,15.835831,4.527000,0
1,0,15.852517,4.560900,0
1,0,15.869234,4.525700,0
1,0,15.885816,4.527000,0
1,0,15.902439,4.657400,0
1,0,15.919216,4.666200,0
1,0,15.935842,4.529700,0
1,0,15.952574,4.573000,0
1,0,15.969185,4.556400,0
1,0,15.985842,4.564100,0
1,0,16.002514,4.554600,0
1,0,16.019208,4.615300,0
1,0,16.035943,4.513400,0
1,0,16.052561,4.552600,0
1,0,16.069142,4.529400,0
1,0,16.085972,4.557000,0
1,0,16.102519,4.558400,0
1,0,16.119271,4.518600,0
1,0,16.135934,4.911300,0
1,0,16.152484,4.522300,0
1,0,16.169129,4.567900,0
1,0,16.185745,4.600800,0
1,0,16.202553,4.582200,0
1,0,16.219224,4.558700,0
1,0,16.235856,4.544300,0
1,0,16.252484,4.508900,0
1,0,16.269235,4.627000,0
1,0,16.285888,4.553500,0
1,0,16.302479,4.605300,0
1,0,16.319173,4.550100,0
1,0,16.335853,4.558700,0
1,0,16.352461,4.586600,0
1,0,16.369282,4.558900,0
1,0,16.385816,4.569900,0
1,0,16.402482,4.537000,0
1,0,16.419345,4.648600,0
1,0,16.435878,4.545800,0
1,0,16.452738,4.528000,0
1,0,16.469162,4.590900,0
1,0,16.485828,4.535300,0
1,0,16.502488,4.524400,0
1,0,16.519172,4.749900,0
1,0,16.535835,4.788500,0
1,0,16.552501,4.729700,0
1,0,16.569180,4.708300,0
1,0,16.585818,4.817500,0
1,0,16.602498,4.650400,0
1,0,16.619319,4.683500,0
1,0,16.635810,4.727000,0
1,0,16.652739,4.669800,0
1,0,16.669228,4.730000,0
1,0,16.685807,4.782800,0
1,0,16.702581,4.735900,0
1,0,16.719200,4.723600,0
1,0,16.735853,4.808600,0
1,0,16.752543,4.714200,0
1,0,16.769165,4.730300,0
1,0,16.785831,4.741700,0
1,0,16.802492,4.790800,0
1,0,16.819161,4.696800,0
1,0,16.835856,4.711900,0
1,0,16.852503,4.775000,0
1,0,16.869310,4.781800,0
1,0,16.886184,4.894600,0
1,0,16.902518,4.665100,0
1,0,16.919231,4.747600,0
1,0,16.935836,4.694800,0
1,0,16.952572,4.750000,0
1,0,16.969124,4.687300,0
1,0,16.985846,4.684100,0
1,0,17.002514,4.730600,0
1,0,17.019140,4.719100,0
1,0,17.035836,4.740800,0
1,0,17.052517,5.216400,0
1,0,17.069132,4.785100,0
1,0,17.086141,4.782000,0
1,0,17.102541,4.736100,0
1,0,17.119156,4.666200,0
1,0,17.135829,5.146900,0
1,0,17.152491,4.770500,0
1,0,17.169277,4.792000,0
1,0,17.185828,4.765200,0
1,0,17.202522,4.805100,0
1,0,17.219135,4.732600,0
1,0,17.235851,4.717500,0
1,0,17.252564,4.707700,0
1,0,17.269124,4.766000,0
1,0,17.286147,4.858700,0
1,0,17.302556,4.735800,0
1,0,17.319391,4.720800,0
1,0,17.335858,4.735700,0
1,0,17.352495,4.743000,0
1,0,17.369263,4.862000,0
1,0,17.385832,4.803100,0
1,0,17.402514,4.846600,0
1,0,17.419178,4.848100,0
1,0,17.435775,4.698900,0
1,0,17.452546,4.714200,0
1,0,17.469166,4.727600,0
1,0,17.485903,4.828100,0
1,0,17.502582,4.793800,0
1,0,17.519268,4.723200,0
1,0,17.535927,4.718600,0
1,0,17.552498,4.746700,0
1,0,17.569186,4.754900,0
1,0,17.585929,4.744100,0
1,0,17.602492,4.856300,0
1,0,17.619187,4.818400,0
1,0,17.635829,4.776500,0
1,0,17.652530,4.737500,0
1,0,17.669166,4.703900,0
1,0,17.685847,4.719900,0
1,0,17.702616,4.795600,0
1,0,17.719185,4.751100,0
1,0,17.735945,4.815600,0
1,0,17.752614,4.758000,0
1,0,17.769234,4.726100,0
1,0,17.785925,4.823200,0
1,0,17.802522,5.153200,0
1,0,17.819264,4.708000,0
1,0,17.835874,4.710700,0
1,0,17.852556,4.701400,0
1,0,17.869180,4.694100,0
1,0,17.885806,5.223900,0
1,0,17.902487,5.540000,0
1,0,17.919162,4.646700,0
1,0,17.935904,4.530100,0
1,0,17.952663,4.596700,0
1,0,17.969274,5.268300,0
1,0,17.985827,4.505900,0
1,0,18.002492,4.556400,0
1,0,18.019248,4.636200,0
1,0,18.035869,4.521000,0
1,0,18.052487,5.197300,0
1,0,18.069180,5.331600,0
1,0,18.085858,4.501700,0
1,0,18.102580,4.589200,0
1,0,18.119192,4.610900,0
1,0,18.135891,4.998500,0
1,0,18.152498,4.569800,0
1,0,18.169190,4.541900,0
1,0,18.186179,4.519600,0
1,0,18.202529,4.559900,0
1,0,18.219321,5.084300,0
1,0,18.235849,4.620600,0
1,0,18.252532,4.535500,0
1,0,18.269230,4.528300,0
1,0,18.285802,4.656900,0
1,0,18.302547,4.975500,0
1,0,18.319179,4.529100,0
1,0,18.335843,4.572200,0
1,0,18.352528,4.559500,0
1,0,18.369166,4.655300,0
1,0,18.385907,5.018800,0
1,0,18.402532,4.559700,0
1,0,18.419329,4.635100,0
1,0,18.436008,4.554000,0
1,0,18.452472,4.547400,0
1,0,18.469152,4.939700,0
1,0,18.485808,4.604000,0
1,0,18.502521,4.519100,0
1,0,18.519208,4.630500,0
1,0,18.535807,4.527200,0
1,0,18.552482,5.114900,0
1,0,18.569218,4.491600,0
1,0,18.585827,4.519000,0
1,0,18.602934,4.591400,0
1,0,18.619188,4.504800,0
1,0,18.635864,4.547900,0
1,0,18.652492,4.554200,0
1,0,18.669234,4.529900,0
1,0,18.685806,4.527600,0
1,0,18.702507,4.556500,0
1,0,18.719161,4.521900,0
1,0,18.735842,4.507100,0
1,0,18.752521,4.524300,0
1,0,18.769233,4.527700,0
1,0,18.785917,4.627100,0
1,0,18.802564,4.509500,0
1,0,18.819555,4.519400,0
1,0,18.836113,4.593400,0
1,0,18.852495,4.553700,0
1,0,18.869157,4.576300,0
1,0,18.885853,4.675100,0
1,0,18.902483,4.575200,0
1,0,18.919185,4.639500,0
1,0,18.935835,4.508800,0
1,0,18.952514,4.584500,0
1,0,18.969157,4.603100,0
1,0,18.985793,4.500700,0
1,0,19.002533,4.515900,0
1,0,19.019245,4.630800,0
1,0,19.036039,4.537300,0
1,0,19.052515,4.579900,0
1,0,19.069242,4.604400,0
1,0,19.085844,4.547900,0
1,0,19.102517,4.594700,0
1,0,19.119127,4.542800,0
1,0,19.135915,4.665100,0
1,0,19.152570,4.527900,0
1,0,19.169190,4.541700,0
1,0,19.185856,4.578800,0
1,0,19.202520,4.537400,0
1,0,19.219194,4.524200,0
1,0,19.235876,4.579300,0
1,0,19.252471,4.570300,0
1,0,19.269264,4.531000,0
1,0,19.285879,4.518600,0
1,0,19.302513,4.569800,0
1,0,19.319177,4.500100,0
1,0,19.335882,4.517000,0
1,0,19.352559,4.615600,0
1,0,19.369199,4.545600,0
1,0,19.385860,4.524300,0
1,0,19.402505,4.518300,0
1,0,19.419152,4.555300,0
1,0,19.435882,4.680600,0
1,0,19.452569,4.510300,0
1,0,19.469208,4.583500,0
1,0,19.485894,4.539500,0
1,0,19.502985,4.521500,0
1,0,19.519175,4.517300,0
1,0,19.535904,5.157100,0
1,0,19.552482,4.624600,0
1,0,19.569175,4.612800,0
1,0,19.585888,4.686700,0
1,0,19.602569,4.526600,0
1,0,19.619187,4.558300,0
1,0,19.635872,4.594700,0
1,0,19.652554,4.536700,0
1,0,19.669214,4.518500,0
1,0,19.685875,4.498300,0
1,0,19.702541,4.508700,0
1,0,19.719181,4.659800,0
1,0,19.736047,4.559400,0
1,0,19.752565,4.541900,0
1,0,19.769226,4.512600,0
1,0,19.786009,4.687100,0
1,0,19.802561,5.267800,0
1,0,19.819228,4.510400,0
1,0,19.835920,4.534400,0
1,0,19.852575,4.543700,0
1,0,19.869217,4.501100,0
1,0,19.885874,4.552700,0
1,0,19.902513,4.545300,0
1,0,19.919176,4.542800,0
1,0,19.936258,4.551000,0
1,0,19.952638,4.525200,0
1,0,19.969264,4.543600,0
1,0,19.985865,4.629400,0
1,0,20.002614,4.611200,0
1,0,20.019205,5.086400,0
1,0,20.035989,4.586700,0
1,0,20.052535,4.500600,0
1,0,20.069187,4.521700,0
1,0,20.085853,4.590300,0
1,0,20.102520,4.528300,0
1,0,20.119229,4.681300,0
1,0,20.135911,4.529300,0
1,0,20.152566,4.533900,0
1,0,20.169229,4.689900,0
1,0,20.185886,4.527300,0
1,0,20.202641,4.543100,0
1,0,20.219259,4.611900,0
1,0,20.235983,4.615800,0
1,0,20.252523,4.535900,0
1,0,20.269211,4.525600,0
1,0,20.285846,4.550700,0
1,0,20.302544,4.528300,0
1,0,20.319222,4.951500,0
1,0,20.335937,4.860500,0
1,0,20.352595,4.778600,0
1,0,20.369212,4.773600,0
1,0,20.385904,4.794800,0
1,0,20.402588,4.867400,0
1,0,20.419530,4.836400,0
1,0,20.436001,4.881600,0
1,0,20.452536,4.889400,0
1,0,20.469186,4.842600,0
1,0,20.485860,4.795500,0
1,0,20.502543,4.833500,0
1,0,20.519408,4.796700,0
1,0,20.535890,4.856900,0
1,0,20.552552,4.876400,0
1,0,20.569278,4.794200,0
1,0,20.585974,5.560600,0
1,0,20.602598,4.833200,0
1,0,20.619274,4.819400,0
1,0,20.636231,4.804400,0
1,0,20.652546,4.788400,0
1,0,20.669272,4.812400,0
1,0,20.685992,4.863500,0
1,0,20.702657,4.817900,0
1,0,20.719244,5.632200,0
1,0,20.735878,4.831500,0
1,0,20.752565,4.952400,0
1,0,20.769278,4.836800,0
1,0,20.786024,4.821700,0
1,0,20.802609,4.838300,0
1,0,20.819258,4.922900,0
1,0,20.835968,4.818800,0
1,0,20.852548,4.828200,0
1,0,20.869274,4.819600,0
1,0,20.885935,4.893700,0
1,0,20.902600,4.872500,0
1,0,20.919216,4.793200,0
1,0,20.935948,4.887400,0
1,0,20.952600,4.919400,0
1,0,20.969268,4.793700,0
1,0,20.985905,4.853400,0
1,0,21.002526,4.757500,0
1,0,21.019230,4.729900,0
1,0,21.035977,4.790800,0
1,0,21.052614,4.782000,0
1,0,21.069272,4.764500,0
1,0,21.085917,4.776100,0
1,0,21.102592,4.786800,0
1,0,21.119284,4.795500,0
1,0,21.135954,4.765000,0
1,0,21.152516,4.933600,0
1,0,21.169238,5.380800,0
1,0,21.185860,4.771500,0
1,0,21.202585,4.743700,0
1,0,21.219213,4.845400,0
1,0,21.235836,4.885000,0
1,0,21.252546,4.741100,0
1,0,21.269236,4.779300,0
1,0,21.285917,4.753800,0
1,0,21.302611,4.871500,0
1,0,21.319215,4.907000,0
1,0,21.335893,4.779000,0
1,0,21.352538,4.769400,0
1,0,21.369256,4.768300,0
1,0,21.385900,4.770200,0
1,0,21.402569,4.751900,0
1,0,21.419209,4.773900,0
1,0,21.435929,4.788900,0
1,0,21.452550,4.811500,0
1,0,21.469201,4.759700,0
1,0,21.485830,4.801300,0
1,0,21.502586,4.909900,0
1,0,21.519328,4.787600,0
1,0,21.536035,4.850000,0
1,0,21.552527,4.794500,0
1,0,21.569235,4.781900,0
1,0,21.585950,5.571200,0
1,0,21.602586,4.827300,0
1,0,21.619220,4.799500,0
1,0,21.635923,4.904300,0
1,0,21.652530,4.873700,0
1,0,21.669236,4.787500,0
1,0,21.685836,4.753200,0
1,0,21.702594,4.763800,0
1,0,21.719213,4.905200,0
1,0,21.735990,4.823800,0
1,0,21.752589,4.962600,0
1,0,21.769265,4.868700,0
1,0,21.786046,4.801600,0
1,0,21.802586,4.776100,0
1,0,21.819204,4.809700,0
1,0,21.835890,5.343100,0
1,0,21.852601,4.869600,0
1,0,21.869196,4.773100,0
1,0,21.885907,4.819500,0
1,0,21.902578,4.804800,0
1,0,21.919209,5.069600,0
1,0,21.935952,4.503500,0
1,0,21.952903,4.558200,0
1,0,21.969414,4.568300,0
1,0,21.986034,4.559300,0
1,0,22.002568,4.917500,0
1,0,22.019258,4.507200,0
1,0,22.035865,4.506100,0
1,0,22.052691,4.489100,0
1,0,22.069284,5.024500,0
1,0,22.085957,4.537600,0
1,0,22.102578,4.558500,0
1,0,22.119344,4.545200,0
1,0,22.135975,4.504700,0
1,0,22.152577,5.049000,0
1,0,22.169583,5.891600,0
1,0,22.186007,4.630200,0
1,0,22.202795,4.536000,0
1,0,22.219227,4.503000,0
1,0,22.235929,4.522400,0
1,0,22.252587,4.498000,0
1,0,22.269268,4.645800,0
1,0,22.285984,4.555900,0
1,0,22.302624,4.659300,0
1,0,22.319412,4.619900,0
1,0,22.336038,4.533000,0
1,0,22.352644,4.556300,0
1,0,22.369542,4.670300,0
1,0,22.386032,4.550100,0
1,0,22.402664,4.538700,0
1,0,22.419210,4.615100,0
1,0,22.435904,4.497600,0
1,0,22.452794,4.615800,0
1,0,22.469182,4.504100,0
1,0,22.485878,4.650700,0
1,0,22.502575,4.681400,0
1,0,22.519231,4.593500,0
1,0,22.535920,4.508500,0
1,0,22.552559,4.535400,0
1,0,22.569312,4.525100,0
1,0,22.585871,4.660100,0
1,0,22.602561,4.616600,0
1,0,22.619376,4.491600,0
1,0,22.636037,4.540200,0
1,0,22.652597,4.532000,0
1,0,22.669220,4.545000,0
1,0,22.685919,4.552300,0
1,0,22.702583,4.621500,0
1,0,22.719266,4.563900,0
1,0,22.735918,4.511300,0
1,0,22.752556,4.586000,0
1,0,22.769241,4.485500,0
1,0,22.785924,4.542300,0
1,0,22.802551,4.534700,0
1,0,22.819495,4.561000,0
1,0,22.836082,4.545200,0
1,0,22.852590,4.530200,0
1,0,22.869251,4.739800,0
1,0,22.885879,4.541200,0
1,0,22.902536,4.567200,0
1,0,22.919211,4.518900,0
1,0,22.935879,4.503700,0
1,0,22.952617,4.518300,0
1,0,22.969269,4.649000,0
1,0,22.985938,4.543000,0
1,0,23.002565,4.549900,0
1,0,23.019321,4.652700,0
1,0,23.035872,4.545800,0
1,0,23.052573,4.655300,0
1,0,23.069390,4.574300,0
1,0,23.085924,4.559100,0
1,0,23.102625,4.565600,0
1,0,23.119303,4.550400,0
1,0,23.135926,4.519000,0
1,0,23.152566,4.538800,0
1,0,23.169243,4.551200,0
1,0,23.185870,4.538900,0
1,0,23.202548,4.575000,0
1,0,23.219229,4.519000,0
1,0,23.235920,4.591800,0
1,0,23.252542,4.519000,0
1,0,23.269444,4.561700,0
1,0,23.285905,4.566700,0
1,0,23.302676,4.655700,0
1,0,23.319255,4.667200,0
1,0,23.335909,4.674500,0
1,0,23.352582,4.521200,0
1,0,23.369261,4.576700,0
1,0,23.385909,4.552200,0
1,0,23.402594,4.524900,0
1,0,23.419200,4.554900,0
1,0,23.435889,4.543000,0
1,0,23.452729,4.574100,0
1,0,23.469355,4.583700,0
1,0,23.485963,4.577900,0
1,0,23.502659,4.518900,0
1,0,23.519290,4.679300,0
1,0,23.535960,4.518100,0
1,0,23.552554,4.564300,0
1,0,23.569296,4.594400,0
1,0,23.585899,4.525100,0
1,0,23.602664,4.568900,0
1,0,23.619263,4.547600,0
1,0,23.635866,4.547600,0
1,0,23.652587,4.582900,0
1,0,23.669231,4.529300,0
1,0,23.685943,4.528200,0
1,0,23.702622,4.526800,0
1,0,23.719603,4.564000,0
1,0,23.735917,4.580800,0
1,0,23.752593,4.542000,0
1,0,23.769290,4.570500,0
1,0,23.785942,4.598900,0
1,0,23.802590,4.620500,0
1,0,23.819230,4.590500,0
1,0,23.835927,4.537500,0
1,0,23.852574,4.657400,0
1,0,23.869346,4.550700,0
1,0,23.885892,4.539800,0
1,0,23.902604,4.575900,0
1,0,23.919742,4.632800,0
1,0,23.936374,4.552500,0
1,0,23.953059,4.587900,0
1,0,23.969653,4.574800,0
1,0,23.986370,4.612200,0
1,0,24.003029,4.531700,0
1,0,24.019683,4.694500,0
1,0,24.036348,4.546500,0
1,0,24.052973,4.532400,0
1,0,24.069698,4.549800,0
1,0,24.086322,4.534900,0
1,0,24.103135,4.555300,0
1,0,24.119630,4.820000,0
1,0,24.136344,4.804900,0
1,0,24.152998,4.774100,0
1,0,24.169718,4.753700,0
1,0,24.186368,4.718000,0
1,0,24.202981,4.751500,0
1,0,24.219697,4.747800,0
1,0,24.236459,4.746000,0
1,0,24.252932,4.874300,0
1,0,24.269710,4.763800,0
1,0,24.286302,4.734400,0
1,0,24.303086,4.767600,0
1,0,24.319670,4.839000,0
1,0,24.336382,4.793800,0
1,0,24.353281,4.848700,0
1,0,24.369753,4.831400,0
1,0,24.386491,4.830900,0
1,0,24.403080,4.924200,0
1,0,24.419752,4.903000,0
1,0,24.436392,5.011300,0
1,0,24.453015,4.842000,0
1,0,24.469687,4.786000,0
1,0,24.486349,4.741100,0
1,0,24.503017,4.791600,0
1,0,24.519795,4.831600,0
1,0,24.536382,4.833900,0
1,0,24.553045,4.816800,0
1,0,24.569701,4.929900,0
1,0,24.586518,4.813300,0
1,0,24.603055,4.947900,0
1,0,24.619770,4.842400,0
1,0,24.636432,4.943300,0
1,0,24.653067,4.808600,0
1,0,24.669883,4.834500,0
1,0,24.686380,4.977400,0
1,0,24.702987,4.833300,0
1,0,24.719682,4.821800,0
1,0,24.736343,4.891600,0
1,0,24.753020,4.830600,0
1,0,24.769654,4.776500,0
1,0,24.786400,4.852000,0
1,0,24.803039,4.790400,0
1,0,24.819715,4.803400,0
1,0,24.836428,4.836500,0
1,0,24.853006,4.827600,0
1,0,24.869692,4.817900,0
1,0,24.886388,4.848600,0
1,0,24.902998,4.860700,0
1,0,24.919681,4.866500,0
1,0,24.936354,4.865900,0
1,0,24.953031,4.798200,0
1,0,24.969646,4.841300,0
1,0,24.986409,4.859500,0
1,0,25.002998,4.874700,0
1,0,25.019727,4.900900,0
1,0,25.036380,4.839900,0
1,0,25.053081,4.814900,0
1,0,25.069751,4.894700,0
1,0,25.086357,4.853900,0
1,0,25.103019,4.903100,0
1,0,25.119715,4.950500,0
1,0,25.136464,4.982600,0
1,0,25.153125,4.861100,0
1,0,25.169727,4.916200,0
1,0,25.186394,4.885000,0
1,0,25.203062,4.864500,0
1,0,25.219738,4.869400,0
1,0,25.236439,4.957100,0
1,0,25.253031,4.923400,0
1,0,25.269861,4.992200,0
1,0,25.286482,4.911900,0
1,0,25.303046,5.028500,0
1,0,25.319752,5.003700,0
1,0,25.336384,4.936900,0
1,0,25.353065,4.842800,0
1,0,25.369775,4.883400,0
1,0,25.386383,4.926700,0
1,0,25.403009,4.871200,0
1,0,25.419653,4.822800,0
1,0,25.436420,4.867900,0
1,0,25.453186,4.975300,0
1,0,25.469892,4.853700,0
1,0,25.486401,5.056100,0
1,0,25.503092,4.926700,0
1,0,25.519749,4.948500,0
1,0,25.536490,5.348300,0
1,0,25.553050,4.872500,0
1,0,25.569829,4.881100,0
1,0,25.586483,5.589600,0
1,0,25.603090,4.913200,0
1,0,25.619704,4.909800,0
1,0,25.636401,4.879400,0
1,0,25.653065,4.907300,0
1,0,25.669725,4.980300,0
1,0,25.686641,4.883600,0
1,0,25.703087,4.868100,0
1,0,25.719676,4.906200,0
1,0,25.736382,4.964400,0
1,0,25.753225,4.995500,0
1,0,25.769743,5.373900,0
1,0,25.786623,4.923900,0
1,0,25.803062,4.940200,0
1,0,25.819739,4.862000,0
1,0,25.836507,4.883100,0
1,0,25.853110,5.665100,0
1,0,25.869753,4.877500,0
1,0,25.886487,4.854100,0
1,0,25.903103,4.868400,0
1,0,25.919903,4.659100,0
1,0,25.936457,5.520400,0
1,0,25.953251,4.683500,0
1,0,25.969778,4.771000,0
1,0,25.986368,4.803600,0
1,0,26.003134,4.656800,0
1,0,26.019733,5.264400,0
1,0,26.036466,4.743400,0
1,0,26.053079,4.745200,0
1,0,26.069727,5.470000,0
